,Unnamed: 0.2,Unnamed: 0.1,Unnamed: 0,PassengerId,Survived,Pclass,Name,Sex,Age,SibSp,Parch,Ticket,Fare,Cabin,Embarked
0,0,0,0,1,0,3,"Braund, Mr. Owen Harris",0,-0.5657364610748746,0.4327933656785018,-0.4736736092984604,A/5 21171,-0.5024451714361923,,S
2,2,2,2,3,1,3,"Heikkinen, Miss. Laina",1,-0.2583370877897099,-0.4745451962498395,-0.4736736092984604,STON/O2. 3101282,-0.4888542575852486,,S
3,3,3,3,4,1,1,"Futrelle, Mrs. Jacques Heath (Lily May Peel)",1,0.4333115021019107,0.4327933656785018,-0.4736736092984604,113803,0.4207302360686478,C123,S
4,4,4,4,5,0,3,"Allen, Mr. William Henry",0,0.4333115021019107,-0.4745451962498395,-0.4736736092984604,373450,-0.4863374216869257,,S
5,5,5,5,6,0,3,"Moran, Mr. James",0,-0.1046374011471275,-0.4745451962498395,-0.4736736092984604,330877,-0.4781164289086437,,Q
6,6,6,6,7,0,1,"McCarthy, Mr. Timothy J",0,1.893458525206443,-0.4745451962498395,-0.4736736092984604,17463,0.395813560675251,E46,S
9,9,9,9,10,1,2,"Nasser, Mrs. Nicholas (Adele Achem)",1,-1.180535207645204,0.4327933656785018,-0.4736736092984604,237736,-0.0429555020886142,,C
12,12,12,12,13,0,3,"Saundercock, Mr. William Henry",0,-0.719436147717457,-0.4745451962498395,-0.4736736092984604,A/5. 2151,-0.4863374216869257,,S
14,14,14,14,15,0,3,"Vestrom, Miss. Hulda Amanda Adolfina",1,-1.180535207645204,-0.4745451962498395,-0.4736736092984604,350406,-0.4902797934380587,,S
17,17,17,17,18,1,2,"Williams, Mr. Charles Eugene",0,-0.1046374011471275,-0.4745451962498395,-0.4736736092984604,244373,-0.3866707201133388,,S
18,18,18,18,19,0,3,"Vander Planke, Mrs. Julius (Emelia Maria Vandemoortele)",1,0.125912128816746,0.4327933656785018,-0.4736736092984604,345763,-0.2859972841804228,,S
19,19,19,19,20,1,3,"Masselmani, Mrs. Fatima",1,-0.1046374011471275,-0.4745451962498395,-0.4736736092984604,2649,-0.5029485386158568,,C
20,20,20,20,21,0,2,"Fynney, Mr. Joseph J",0,0.4333115021019107,-0.4745451962498395,-0.4736736092984604,239865,-0.1249197866877571,,S
21,21,21,21,22,1,2,"Beesley, Mr. Lawrence",0,0.3564616587806195,-0.4745451962498395,-0.4736736092984604,248698,-0.3866707201133388,D56,S
22,22,22,22,23,1,3,"McGowan, Miss. Anna ""Annie""",1,-1.1036853643239128,-0.4745451962498395,-0.4736736092984604,330923,-0.4867562231804066,,Q
23,23,23,23,24,1,1,"Sloper, Mr. William Thompson",0,-0.1046374011471275,-0.4745451962498395,-0.4736736092984604,113788,0.0663597415847833,A6,S
26,26,26,26,27,0,3,"Emir, Mr. Farred Chehab",0,-0.1046374011471275,-0.4745451962498395,-0.4736736092984604,2631,-0.5029485386158568,,C
28,28,28,28,29,1,3,"O'Dwyer, Miss. Ellen ""Nellie""",1,-0.1046374011471275,-0.4745451962498395,-0.4736736092984604,330959,-0.489776426258394,,Q
29,29,29,29,30,0,3,"Todoroff, Mr. Lalio",0,-0.1046374011471275,-0.4745451962498395,-0.4736736092984604,349216,-0.4894421904510968,,S
30,30,30,30,31,0,1,"Uruchurtu, Don. Manuel E",0,0.8175607187083667,-0.4745451962498395,-0.4736736092984604,PC 17601,-0.0902720169770847,,C
32,32,32,32,33,1,3,"Glynn, Miss. Mary Agatha",1,-0.1046374011471275,-0.4745451962498395,-0.4736736092984604,335677,-0.4923778278429006,,Q
35,35,35,35,36,0,1,"Holverson, Mr. Alexander Oskar",0,0.9712604053509488,0.4327933656785018,-0.4736736092984604,113789,0.3985820801634062,,S
36,36,36,36,37,1,3,"Mamee, Mr. Hanna",0,-0.1046374011471275,-0.4745451962498395,-0.4736736092984604,2677,-0.5028639729296732,,C
37,37,37,37,38,0,3,"Cann, Mr. Ernest Charles",0,-0.6425863043961658,-0.4745451962498395,-0.4736736092984604,A./5. 2152,-0.4863374216869257,,S
38,38,38,38,39,0,3,"Vander Planke, Miss. Augusta Maria",1,-0.8731358343600393,1.340131927606843,-0.4736736092984604,345764,-0.2859972841804228,,S
39,39,39,39,40,1,3,"Nicola-Yarred, Miss. Jamila",1,-1.180535207645204,0.4327933656785018,-0.4736736092984604,2651,-0.422073540593508,,C
40,40,40,40,41,0,3,"Ahlin, Mrs. Johan (Johanna Persdotter Larsson)",1,0.8175607187083667,0.4327933656785018,-0.4736736092984604,7546,-0.4576454924460446,,S
41,41,41,41,42,0,2,"Turpin, Mrs. William John Robert (Dorothy Ann Wonnacott)",1,-0.1814872444684187,0.4327933656785018,-0.4736736092984604,11668,-0.2255932226206731,,S
42,42,42,42,43,0,3,"Kraeff, Mr. Theodor",0,-0.1046374011471275,-0.4745451962498395,-0.4736736092984604,349253,-0.4894421904510968,,C
44,44,44,44,45,1,3,"Devaney, Miss. Margaret Delia",1,-0.7962859910387481,-0.4745451962498395,-0.4736736092984604,330958,-0.489776426258394,,Q
45,45,45,45,46,0,3,"Rogers, Mr. William John",0,-0.1046374011471275,-0.4745451962498395,-0.4736736092984604,S.C./A.4. 23567,-0.4863374216869257,,S
46,46,46,46,47,0,3,"Lennon, Mr. Denis",0,-0.1046374011471275,0.4327933656785018,-0.4736736092984604,370371,-0.3363340021468808,,Q
47,47,47,47,48,1,3,"O'Driscoll, Miss. Bridget",1,-0.1046374011471275,-0.4745451962498395,-0.4736736092984604,14311,-0.4923778278429006,,Q
48,48,48,48,49,0,3,"Samaan, Mr. Youssef",0,-0.1046374011471275,1.340131927606843,-0.4736736092984604,2662,-0.2119177430835458,,C
49,49,49,49,50,0,3,"Arnold-Franchi, Mrs. Josef (Josefine Franchi)",1,-0.8731358343600393,0.4327933656785018,-0.4736736092984604,349237,-0.2900242216177394,,S
51,51,51,51,52,0,3,"Nosworthy, Mr. Richard Cater",0,-0.6425863043961658,-0.4745451962498395,-0.4736736092984604,A/4. 39886,-0.4913710934835715,,S
53,53,53,53,54,1,2,"Faunthorpe, Mrs. Lizzie (Elizabeth Anne Wilkinson)",1,-0.0277875578258363,0.4327933656785018,-0.4736736092984604,2926,-0.1249197866877571,,S
55,55,55,55,56,1,1,"Woolner, Mr. Hugh",0,-0.1046374011471275,-0.4745451962498395,-0.4736736092984604,19947,0.0663597415847833,C52,S
56,56,56,56,57,1,2,"Rugg, Miss. Emily",1,-0.6425863043961658,-0.4745451962498395,-0.4736736092984604,C.A. 31026,-0.4370074380797968,,S
57,57,57,57,58,0,3,"Novel, Mr. Mansouer",0,-0.0662124794864819,-0.4745451962498395,-0.4736736092984604,2697,-0.5028639729296732,,C
60,60,60,60,61,0,3,"Sirayanian, Mr. Orsen",0,-0.5657364610748746,-0.4745451962498395,-0.4736736092984604,2669,-0.5028639729296732,,C
64,64,64,64,65,0,1,"Stewart, Mr. Albert A",0,-0.1046374011471275,-0.4745451962498395,-0.4736736092984604,PC 17605,-0.0902720169770847,,C
66,66,66,66,67,1,2,"Nye, Mrs. (Elizabeth Ramell)",1,-0.0277875578258363,-0.4745451962498395,-0.4736736092984604,C.A. 29395,-0.4370074380797968,F33,S
67,67,67,67,68,0,3,"Crease, Mr. Ernest James",0,-0.7962859910387481,-0.4745451962498395,-0.4736736092984604,S.P. 3464,-0.4841568350646187,,S
69,69,69,69,70,0,3,"Kink, Mr. Vincenz",0,-0.2583370877897099,1.340131927606843,-0.4736736092984604,315151,-0.4740049257851434,,S
70,70,70,70,71,0,2,"Jenkin, Mr. Stephen Curnow",0,0.2027619721380371,-0.4745451962498395,-0.4736736092984604,C.A. 33111,-0.4370074380797968,,S
73,73,73,73,74,0,3,"Chronopoulos, Mr. Apostolos",0,-0.2583370877897099,0.4327933656785018,-0.4736736092984604,2680,-0.3573908580066095,,C
74,74,74,74,75,1,3,"Bing, Mr. Lee",0,0.2027619721380371,-0.4745451962498395,-0.4736736092984604,1601,0.489103606816847,,S
75,75,75,75,76,0,3,"Moen, Mr. Sigurd Hansen",0,-0.335186931111001,-0.4745451962498395,-0.4736736092984604,348123,-0.494391296561559,F G73,S
76,76,76,76,77,0,3,"Staneff, Mr. Ivan",0,-0.1046374011471275,-0.4745451962498395,-0.4736736092984604,349208,-0.4894421904510968,,S
77,77,77,77,78,0,3,"Moutal, Mr. Rahamin Haim",0,-0.1046374011471275,-0.4745451962498395,-0.4736736092984604,374746,-0.4863374216869257,,S
79,79,79,79,80,1,3,"Dowdell, Miss. Elizabeth",1,0.0490622854954548,-0.4745451962498395,-0.4736736092984604,364516,-0.397241430886295,,S
80,80,80,80,81,0,3,"Waelens, Mr. Achille",0,-0.5657364610748746,-0.4745451962498395,-0.4736736092984604,345767,-0.4672094688596716,,S
81,81,81,81,82,1,3,"Sheerlinck, Mr. Jan Baptist",0,-0.0277875578258363,-0.4745451962498395,-0.4736736092984604,345779,-0.45714212526638,,S
82,82,82,82,83,1,3,"McDermott, Miss. Brigdet Delia",1,-0.1046374011471275,-0.4745451962498395,-0.4736736092984604,330932,-0.4916227770734037,,Q
83,83,83,83,84,0,1,"Carrau, Mr. Francisco M",0,-0.1046374011471275,-0.4745451962498395,-0.4736736092984604,113059,0.2999221129491485,,S
84,84,84,84,85,1,2,"Ilett, Miss. Bertha",1,-0.9499856776813304,-0.4745451962498395,-0.4736736092984604,SO/C 14885,-0.4370074380797968,,S
87,87,87,87,88,0,3,"Slocovski, Mr. Selman Francis",0,-0.1046374011471275,-0.4745451962498395,-0.4736736092984604,SOTON/OQ 392086,-0.4863374216869257,,S
89,89,89,89,90,0,3,"Celotti, Mr. Francesco",0,-0.4120367744322922,-0.4745451962498395,-0.4736736092984604,343275,-0.4863374216869257,,S
90,90,90,90,91,0,3,"Christmann, Mr. Emil",0,-0.0277875578258363,-0.4745451962498395,-0.4736736092984604,343276,-0.4863374216869257,,S
91,91,91,91,92,0,3,"Andreasson, Mr. Paul Edvin",0,-0.719436147717457,-0.4745451962498395,-0.4736736092984604,347466,-0.4902797934380587,,S
92,92,92,92,93,0,1,"Chaffee, Mr. Herbert Fuller",0,1.2786597786361138,0.4327933656785018,-0.4736736092984604,W.E.P. 5734,0.5833178351003071,E31,S
95,95,95,95,96,0,3,"Shorney, Mr. Charles Joseph",0,-0.1046374011471275,-0.4745451962498395,-0.4736736092984604,374910,-0.4863374216869257,,S
99,99,99,99,100,0,2,"Kantor, Mr. Sinai",0,0.3564616587806195,0.4327933656785018,-0.4736736092984604,244367,-0.1249197866877571,,S
100,100,100,100,101,0,3,"Petranec, Miss. Matilda",1,-0.1046374011471275,-0.4745451962498395,-0.4736736092984604,349245,-0.4894421904510968,,S
101,101,101,101,102,0,3,"Petroff, Mr. Pastcho (""Pentcho"")",0,-0.1046374011471275,-0.4745451962498395,-0.4736736092984604,349215,-0.4894421904510968,,S
103,103,103,103,104,0,3,"Johansson, Mr. Gustaf Joel",0,0.2796118154593283,-0.4745451962498395,-0.4736736092984604,7540,-0.4741720436887921,,S
104,104,104,104,105,0,3,"Gustafsson, Mr. Anders Vilhelm",0,0.5870111887444931,1.340131927606843,-0.4736736092984604,3101276,-0.4888542575852486,,S
105,105,105,105,106,0,3,"Mionoff, Mr. Stoytcho",0,-0.1046374011471275,-0.4745451962498395,-0.4736736092984604,349207,-0.4894421904510968,,S
106,106,106,106,107,1,3,"Salkjelsvik, Miss. Anna Kristine",1,-0.6425863043961658,-0.4745451962498395,-0.4736736092984604,343120,-0.494391296561559,,S
107,107,107,107,108,1,3,"Moss, Mr. Albert Johan",0,-0.1046374011471275,-0.4745451962498395,-0.4736736092984604,312991,-0.4918744606632361,,S
108,108,108,108,109,0,3,"Rekic, Mr. Tido",0,0.6638610320657843,-0.4745451962498395,-0.4736736092984604,349249,-0.4894421904510968,,S
109,109,109,109,110,1,3,"Moran, Miss. Bertha",1,-0.1046374011471275,0.4327933656785018,-0.4736736092984604,371110,-0.1621689579829361,,Q
110,110,110,110,111,0,1,"Porter, Mr. Walter Chamberlain",0,1.3555096219574048,-0.4745451962498395,-0.4736736092984604,110465,0.3985820801634062,C110,S
111,111,111,111,112,0,3,"Zabour, Miss. Hileni",1,-1.1421102859845584,0.4327933656785018,-0.4736736092984604,2665,-0.3573908580066095,,C
112,112,112,112,113,0,3,"Barton, Mr. David John",0,-0.5657364610748746,-0.4745451962498395,-0.4736736092984604,324669,-0.4863374216869257,,S
113,113,113,113,114,0,3,"Jussila, Miss. Katriina",1,-0.719436147717457,0.4327933656785018,-0.4736736092984604,4136,-0.4505983519307405,,S
114,114,114,114,115,0,3,"Attalah, Miss. Malake",1,-0.9499856776813304,-0.4745451962498395,-0.4736736092984604,2627,-0.3573083057891445,,C
115,115,115,115,116,0,3,"Pekoniemi, Mr. Edvard",0,-0.6425863043961658,-0.4745451962498395,-0.4736736092984604,STON/O 2. 3101294,-0.4888542575852486,,S
117,117,117,117,118,0,2,"Turpin, Mr. William John Robert",0,-0.0277875578258363,0.4327933656785018,-0.4736736092984604,11668,-0.2255932226206731,,S
121,121,121,121,122,0,3,"Moore, Mr. Leonard Charles",0,-0.1046374011471275,-0.4745451962498395,-0.4736736092984604,A4. 54510,-0.4863374216869257,,S
122,122,122,122,123,0,2,"Nasser, Mr. Nicholas",0,0.2411868937986827,0.4327933656785018,-0.4736736092984604,237736,-0.0429555020886142,,C
123,123,123,123,124,1,2,"Webber, Miss. Susan",1,0.2411868937986827,-0.4745451962498395,-0.4736736092984604,27267,-0.3866707201133388,E101,S
125,125,125,125,126,1,3,"Nicola-Yarred, Master. Elias",0,-1.3342348942877864,0.4327933656785018,-0.4736736092984604,2651,-0.422073540593508,,C
126,126,126,126,127,0,3,"McMahon, Mr. Martin",0,-0.1046374011471275,-0.4745451962498395,-0.4736736092984604,370372,-0.4923778278429006,,Q
127,127,127,127,128,1,3,"Madsen, Mr. Fridtjof Arne",0,-0.4120367744322922,-0.4745451962498395,-0.4736736092984604,C 17369,-0.5046257580584992,,S
129,129,129,129,130,0,3,"Ekstrom, Mr. Johan",0,1.2018099353148226,-0.4745451962498395,-0.4736736092984604,347061,-0.5079822104125026,,S
130,130,130,130,131,0,3,"Drazenoic, Mr. Jozef",0,0.2796118154593283,-0.4745451962498395,-0.4736736092984604,349241,-0.4894421904510968,,C
131,131,131,131,132,0,3,"Coelho, Mr. Domingos Fernandeo",0,-0.719436147717457,-0.4745451962498395,-0.4736736092984604,SOTON/O.Q. 3101307,-0.5064721088735089,,S
132,132,132,132,133,0,3,"Robins, Mrs. Alexander A (Grace Charity Laury)",1,1.3555096219574048,0.4327933656785018,-0.4736736092984604,A/5. 3337,-0.356468689333464,,S
133,133,133,133,134,1,2,"Weisz, Mrs. Leopold (Mathilde Francoise Pede)",1,-0.0277875578258363,0.4327933656785018,-0.4736736092984604,228414,-0.1249197866877571,,S
134,134,134,134,135,0,2,"Sobey, Mr. Samuel James Hayden",0,-0.335186931111001,-0.4745451962498395,-0.4736736092984604,C.A. 29178,-0.3866707201133388,,S
135,135,135,135,136,0,2,"Richard, Mr. Emile",0,-0.4888866177535834,-0.4745451962498395,-0.4736736092984604,SC/PARIS 2133,-0.3454791770670269,,C
137,137,137,137,138,0,1,"Futrelle, Mr. Jacques Heath",0,0.5870111887444931,0.4327933656785018,-0.4736736092984604,113803,0.4207302360686478,C123,S
138,138,138,138,139,0,3,"Osen, Mr. Olaf Elon",0,-1.0268355210026217,-0.4745451962498395,-0.4736736092984604,7534,-0.4628462821463391,,S
141,141,141,141,142,1,3,"Nysten, Miss. Anna Sofia",1,-0.5657364610748746,-0.4745451962498395,-0.4736736092984604,347081,-0.4923778278429006,,S
142,142,142,142,143,1,3,"Hakkarainen, Mrs. Pekka Pietari (Elin Matilda Dolck)",1,-0.4120367744322922,0.4327933656785018,-0.4736736092984604,STON/O2. 3101279,-0.3292868616315766,,S
143,143,143,143,144,0,3,"Burke, Mr. Jeremiah",0,-0.7962859910387481,-0.4745451962498395,-0.4736736092984604,365222,-0.5125125150294839,,Q
144,144,144,144,145,0,2,"Andrew, Mr. Edgardo Samuel",0,-0.8731358343600393,-0.4745451962498395,-0.4736736092984604,231945,-0.4168727508932136,,S
146,146,146,146,147,1,3,"Andersson, Mr. August Edvard (""Wennerstrom"")",0,-0.1814872444684187,-0.4745451962498395,-0.4736736092984604,350043,-0.4914556591697551,,S
149,149,149,149,150,0,2,"Byles, Rev. Thomas Roussel Davids",0,0.9712604053509488,-0.4745451962498395,-0.4736736092984604,244310,-0.3866707201133388,,S
150,150,150,150,151,0,2,"Bateman, Rev. Robert James",0,1.6629089952425695,-0.4745451962498395,-0.4736736092984604,S.O.P. 1166,-0.3962346965269658,,S
154,154,154,154,155,0,3,"Olsen, Mr. Ole Martin",0,-0.1046374011471275,-0.4745451962498395,-0.4736736092984604,Fa 265302,-0.5011867534870308,,S
156,156,156,156,157,1,3,"Gilnagh, Miss. Katherine ""Katie""",1,-1.0268355210026217,-0.4745451962498395,-0.4736736092984604,35851,-0.4927140771189165,,Q
157,157,157,157,158,0,3,"Corn, Mr. Harry",0,0.0490622854954548,-0.4745451962498395,-0.4736736092984604,SOTON/OQ 392090,-0.4863374216869257,,S
158,158,158,158,159,0,3,"Smiljanic, Mr. Mile",0,-0.1046374011471275,-0.4745451962498395,-0.4736736092984604,315037,-0.4740049257851434,,S
161,161,161,161,162,1,2,"Watt, Mrs. James (Elizabeth ""Bessie"" Inglis Milne)",1,0.8175607187083667,-0.4745451962498395,-0.4736736092984604,C.A. 33595,-0.331300330350235,,S
162,162,162,162,163,0,3,"Bengtsson, Mr. John Viktor",0,-0.2583370877897099,-0.4745451962498395,-0.4736736092984604,347068,-0.4918744606632361,,S
163,163,163,163,164,0,3,"Calic, Mr. Jovo",0,-0.9499856776813304,-0.4745451962498395,-0.4736736092984604,315093,-0.4740049257851434,,S
168,168,168,168,169,0,1,"Baumann, Mr. John D",0,-0.1046374011471275,-0.4745451962498395,-0.4736736092984604,PC 17318,-0.1264298882267508,,S
169,169,169,169,170,0,3,"Ling, Mr. Lee",0,-0.1046374011471275,-0.4745451962498395,-0.4736736092984604,1601,0.489103606816847,,S
173,173,173,173,174,0,3,"Sivola, Mr. Antti Wilhelm",0,-0.6425863043961658,-0.4745451962498395,-0.4736736092984604,STON/O 2. 3101280,-0.4888542575852486,,S
177,177,177,177,178,0,1,"Isham, Miss. Ann Elizabeth",1,1.5860591519212783,-0.4745451962498395,-0.4736736092984604,PC 17595,-0.0703044476941502,C49,C
178,178,178,178,179,0,2,"Hale, Mr. Reginald",0,0.0490622854954548,-0.4745451962498395,-0.4736736092984604,250653,-0.3866707201133388,,S
179,179,179,179,180,0,3,"Leonard, Mr. Lionel",0,0.5101613454232019,-0.4745451962498395,-0.4736736092984604,LINE,-0.6484216535389205,,S
181,181,181,181,182,0,2,"Pernot, Mr. Rene",0,-0.1046374011471275,-0.4745451962498395,-0.4736736092984604,SC/PARIS 2131,-0.3453946113808432,,C
185,185,185,185,186,0,1,"Rood, Mr. Hugh Roscoe",0,-0.1046374011471275,-0.4745451962498395,-0.4736736092984604,113767,0.3583127057902398,A32,S
186,186,186,186,187,1,3,"O'Brien, Mrs. Thomas (Johanna ""Hannah"" Godfrey)",1,-0.1046374011471275,0.4327933656785018,-0.4736736092984604,370365,-0.3363340021468808,,Q
187,187,187,187,188,1,1,"Romaine, Mr. Charles Hallace (""Mr C Rolmane"")",0,1.2018099353148226,-0.4745451962498395,-0.4736736092984604,111428,-0.1138457087351363,,S
189,189,189,189,190,0,3,"Turcin, Mr. Stjepan",0,0.5101613454232019,-0.4745451962498395,-0.4736736092984604,349247,-0.4894421904510968,,S
190,190,190,190,191,1,2,"Pinsky, Mrs. (Rosa)",1,0.2027619721380371,-0.4745451962498395,-0.4736736092984604,234604,-0.3866707201133388,,S
191,191,191,191,192,0,2,"Carbines, Mr. William",0,-0.7962859910387481,-0.4745451962498395,-0.4736736092984604,28424,-0.3866707201133388,,S
192,192,192,192,193,1,3,"Andersen-Jensen, Miss. Carla Christine Nielsine",1,-0.7962859910387481,0.4327933656785018,-0.4736736092984604,350046,-0.4902797934380587,,S
194,194,194,194,195,1,1,"Brown, Mrs. James Joseph (Margaret Tobin)",1,1.1249600919935314,-0.4745451962498395,-0.4736736092984604,PC 17610,-0.0902720169770847,B4,C
196,196,196,196,197,0,3,"Mernagh, Mr. Robert",0,-0.1046374011471275,-0.4745451962498395,-0.4736736092984604,368703,-0.4923778278429006,,Q
198,198,198,198,199,1,3,"Madigan, Miss. Margaret ""Maggie""",1,-0.1046374011471275,-0.4745451962498395,-0.4736736092984604,370370,-0.4923778278429006,,Q
199,199,199,199,200,0,2,"Yrois, Miss. Henriette (""Mrs Harbeck"")",1,-0.4120367744322922,-0.4745451962498395,-0.4736736092984604,248747,-0.3866707201133388,,S
200,200,200,200,201,0,3,"Vande Walle, Mr. Nestor Cyriel",0,-0.1046374011471275,-0.4745451962498395,-0.4736736092984604,345770,-0.45714212526638,,S
202,202,202,202,203,0,3,"Johanson, Mr. Jakob Alfred",0,0.3564616587806195,-0.4745451962498395,-0.4736736092984604,3101264,-0.5176307525123133,,S
203,203,203,203,204,0,3,"Youseff, Mr. Gerious",0,1.2402348569754682,-0.4745451962498395,-0.4736736092984604,2628,-0.5029485386158568,,C
204,204,204,204,205,1,3,"Cohen, Mr. Gurshon ""Gus""",0,-0.8731358343600393,-0.4745451962498395,-0.4736736092984604,A/5 3540,-0.4863374216869257,,S
206,206,206,206,207,0,3,"Backstrom, Mr. Karl Alfred",0,0.2027619721380371,0.4327933656785018,-0.4736736092984604,3101278,-0.3292868616315766,,S
207,207,207,207,208,1,3,"Albimona, Mr. Nassef Cassem",0,-0.2583370877897099,-0.4745451962498395,-0.4736736092984604,2699,-0.2701412180209885,,C
208,208,208,208,209,1,3,"Carr, Miss. Helen ""Ellen""",1,-1.0268355210026217,-0.4745451962498395,-0.4736736092984604,367231,-0.4923778278429006,,Q
209,209,209,209,210,1,1,"Blank, Mr. Henry",0,0.8175607187083667,-0.4745451962498395,-0.4736736092984604,112277,-0.0242463507548411,A31,C
210,210,210,210,211,0,3,"Ali, Mr. Ahmed",0,-0.4120367744322922,-0.4745451962498395,-0.4736736092984604,SOTON/O.Q. 3101311,-0.5064721088735089,,S
211,211,211,211,212,1,2,"Cameron, Miss. Clear Annie",1,0.4333115021019107,-0.4745451962498395,-0.4736736092984604,F.C.C. 13528,-0.2255932226206731,,S
212,212,212,212,213,0,3,"Perkin, Mr. John Henry",0,-0.5657364610748746,-0.4745451962498395,-0.4736736092984604,A/5 21174,-0.5024451714361923,,S
213,213,213,213,214,0,2,"Givard, Mr. Hans Kristensen",0,0.0490622854954548,-0.4745451962498395,-0.4736736092984604,250646,-0.3866707201133388,,S
214,214,214,214,215,0,3,"Kiernan, Mr. Philip",0,-0.1046374011471275,0.4327933656785018,-0.4736736092984604,367229,-0.4923778278429006,,Q
216,216,216,216,217,1,3,"Honkanen, Miss. Eliina",1,-0.1814872444684187,-0.4745451962498395,-0.4736736092984604,STON/O2. 3101283,-0.4888542575852486,,S
217,217,217,217,218,0,2,"Jacobsohn, Mr. Sidney Samuel",0,0.9712604053509488,0.4327933656785018,-0.4736736092984604,243847,-0.1047850995011739,,S
219,219,219,219,220,0,2,"Harris, Mr. Walter",0,0.0490622854954548,-0.4745451962498395,-0.4736736092984604,W/C 14208,-0.4370074380797968,,S
220,220,220,220,221,1,3,"Sunderland, Mr. Victor Francis",0,-1.0268355210026217,-0.4745451962498395,-0.4736736092984604,SOTON/OQ 392089,-0.4863374216869257,,S
221,221,221,221,222,0,2,"Bracken, Mr. James H",0,-0.1814872444684187,-0.4745451962498395,-0.4736736092984604,220367,-0.3866707201133388,,S
222,222,222,222,223,0,3,"Green, Mr. George Henry",0,1.6629089952425695,-0.4745451962498395,-0.4736736092984604,21440,-0.4863374216869257,,S
223,223,223,223,224,0,3,"Nenkoff, Mr. Christo",0,-0.1046374011471275,-0.4745451962498395,-0.4736736092984604,349234,-0.4894421904510968,,S
225,225,225,225,226,0,3,"Berglund, Mr. Karl Ivar Sven",0,-0.5657364610748746,-0.4745451962498395,-0.4736736092984604,PP 4348,-0.4601623283443675,,S
226,226,226,226,227,1,2,"Mellors, Mr. William John",0,-0.7962859910387481,-0.4745451962498395,-0.4736736092984604,SW/PP 751,-0.4370074380797968,,S
227,227,227,227,228,0,3,"Lovell, Mr. John Hall (""Henry"")",0,-0.6810112260568114,-0.4745451962498395,-0.4736736092984604,A/5 21173,-0.5024451714361923,,S
228,228,228,228,229,0,2,"Fahlstrom, Mr. Arne Jonas",0,-0.8731358343600393,-0.4745451962498395,-0.4736736092984604,236171,-0.3866707201133388,,S
231,231,231,231,232,0,3,"Larsson, Mr. Bengt Edvin",0,-0.0277875578258363,-0.4745451962498395,-0.4736736092984604,347067,-0.4918744606632361,,S
234,234,234,234,235,0,2,"Leyson, Mr. Robert William Norman",0,-0.4120367744322922,-0.4745451962498395,-0.4736736092984604,C.A. 29566,-0.4370074380797968,,S
235,235,235,235,236,0,3,"Harknett, Miss. Alice Phoebe",1,-0.1046374011471275,-0.4745451962498395,-0.4736736092984604,W./C. 6609,-0.4964047652802172,,S
236,236,236,236,237,0,2,"Hold, Mr. Stephen",0,1.1249600919935314,0.4327933656785018,-0.4736736092984604,26707,-0.1249197866877571,,S
238,238,238,238,239,0,2,"Pengelly, Mr. Frederick William",0,-0.7962859910387481,-0.4745451962498395,-0.4736736092984604,28665,-0.4370074380797968,,S
239,239,239,239,240,0,2,"Hunt, Mr. George Henry",0,0.2796118154593283,-0.4745451962498395,-0.4736736092984604,SCO/W 1585,-0.4012683683236117,,S
240,240,240,240,241,0,3,"Zabour, Miss. Thamine",1,-0.1046374011471275,0.4327933656785018,-0.4736736092984604,2665,-0.3573908580066095,,C
241,241,241,241,242,1,3,"Murphy, Miss. Katherine ""Kate""",1,-0.1046374011471275,0.4327933656785018,-0.4736736092984604,367230,-0.3363340021468808,,Q
242,242,242,242,243,0,2,"Coleridge, Mr. Reginald Charles",0,-0.0277875578258363,-0.4745451962498395,-0.4736736092984604,W./C. 14263,-0.4370074380797968,,S
243,243,243,243,244,0,3,"Maenpaa, Mr. Matti Alexanteri",0,-0.5657364610748746,-0.4745451962498395,-0.4736736092984604,STON/O 2. 3101275,-0.5049620073345151,,S
244,244,244,244,245,0,3,"Attalah, Mr. Sleiman",0,0.0490622854954548,-0.4745451962498395,-0.4736736092984604,2694,-0.5029485386158568,,C
246,246,246,246,247,0,3,"Lindahl, Miss. Agda Thorilda Viktoria",1,-0.335186931111001,-0.4745451962498395,-0.4736736092984604,347071,-0.4918744606632361,,S
249,249,249,249,250,0,2,"Carter, Rev. Ernest Courtenay",0,1.893458525206443,0.4327933656785018,-0.4736736092984604,244252,-0.1249197866877571,,S
250,250,250,250,251,0,3,"Reed, Mr. James George",0,-0.1046374011471275,-0.4745451962498395,-0.4736736092984604,362316,-0.5024451714361923,,S
253,253,253,253,254,0,3,"Lobb, Mr. William Arthur",0,0.0490622854954548,0.4327933656785018,-0.4736736092984604,A/5. 3336,-0.3242531898349308,,S
260,260,260,260,261,0,3,"Smith, Mr. Thomas",0,-0.1046374011471275,-0.4745451962498395,-0.4736736092984604,384461,-0.4923778278429006,,Q
263,263,263,263,264,0,1,"Harrison, Mr. William",0,0.8175607187083667,-0.4745451962498395,-0.4736736092984604,112059,-0.6484216535389205,B94,S
264,264,264,264,265,0,3,"Henry, Miss. Delia",1,-0.1046374011471275,-0.4745451962498395,-0.4736736092984604,382649,-0.4923778278429006,,Q
265,265,265,265,266,0,2,"Reeves, Mr. David",0,0.5101613454232019,-0.4745451962498395,-0.4736736092984604,C.A. 17248,-0.4370074380797968,,S
267,267,267,267,268,1,3,"Persson, Mr. Ernst Ulrik",0,-0.335186931111001,0.4327933656785018,-0.4736736092984604,347083,-0.4918744606632361,,S
270,270,270,270,271,0,1,"Cairns, Mr. Alexander",0,-0.1046374011471275,-0.4745451962498395,-0.4736736092984604,113798,-0.0242463507548411,,S
271,271,271,271,272,1,3,"Tornquist, Mr. William Henry",0,-0.335186931111001,-0.4745451962498395,-0.4736736092984604,LINE,-0.6484216535389205,,S
274,274,274,274,275,1,3,"Healy, Miss. Hanora ""Nora""",1,-0.1046374011471275,-0.4745451962498395,-0.4736736092984604,370375,-0.4923778278429006,,Q
276,276,276,276,277,0,3,"Lindblom, Miss. Augusta Charlotta",1,1.2018099353148226,-0.4745451962498395,-0.4736736092984604,347073,-0.4923778278429006,,S
277,277,277,277,278,0,2,"Parkes, Mr. Francis ""Frank""",0,-0.1046374011471275,-0.4745451962498395,-0.4736736092984604,239853,-0.6484216535389205,,S
281,281,281,281,282,0,3,"Olsson, Mr. Nils Johan Goransson",0,-0.1046374011471275,-0.4745451962498395,-0.4736736092984604,347464,-0.4902797934380587,,S
282,282,282,282,283,0,3,"de Pelsmaeker, Mr. Alfons",0,-1.0268355210026217,-0.4745451962498395,-0.4736736092984604,345778,-0.45714212526638,,S
283,283,283,283,284,1,3,"Dorking, Mr. Edward Arthur",0,-0.7962859910387481,-0.4745451962498395,-0.4736736092984604,A/5. 10482,-0.4863374216869257,,S
284,284,284,284,285,0,1,"Smith, Mr. Richard William",0,-0.1046374011471275,-0.4745451962498395,-0.4736736092984604,113056,-0.1249197866877571,A19,S
285,285,285,285,286,0,3,"Stankovic, Mr. Ivan",0,0.2796118154593283,-0.4745451962498395,-0.4736736092984604,349239,-0.4740049257851434,,C
286,286,286,286,287,1,3,"de Mulder, Mr. Theodore",0,0.0490622854954548,-0.4745451962498395,-0.4736736092984604,345774,-0.45714212526638,,S
287,287,287,287,288,0,3,"Naidenoff, Mr. Penko",0,-0.5657364610748746,-0.4745451962498395,-0.4736736092984604,349206,-0.4894421904510968,,S
288,288,288,288,289,1,2,"Hosono, Mr. Masabumi",0,0.9712604053509488,-0.4745451962498395,-0.4736736092984604,237798,-0.3866707201133388,,S
289,289,289,289,290,1,3,"Connolly, Miss. Kate",1,-0.5657364610748746,-0.4745451962498395,-0.4736736092984604,370373,-0.4923778278429006,,Q
292,292,292,292,293,0,2,"Levy, Mr. Rene Jacques",0,0.5101613454232019,-0.4745451962498395,-0.4736736092984604,SC/Paris 2163,-0.3891875560116617,D,C
293,293,293,293,294,0,3,"Haas, Miss. Aloisia",1,-0.4120367744322922,-0.4745451962498395,-0.4736736092984604,349236,-0.4702296719376591,,S
294,294,294,294,295,0,3,"Mineff, Mr. Ivan",0,-0.4120367744322922,-0.4745451962498395,-0.4736736092984604,349233,-0.4894421904510968,,S
295,295,295,295,296,0,1,"Lewy, Mr. Ervin G",0,-0.1046374011471275,-0.4745451962498395,-0.4736736092984604,PC 17612,-0.0902720169770847,,C
296,296,296,296,297,0,3,"Hanna, Mr. Mansour",0,-0.4504616960929378,-0.4745451962498395,-0.4736736092984604,2693,-0.5028639729296732,,C
298,298,298,298,299,1,1,"Saalfeld, Mr. Adolphe",0,-0.1046374011471275,-0.4745451962498395,-0.4736736092984604,19988,-0.0343136943481327,C106,S
300,300,300,300,301,1,3,"Kelly, Miss. Anna Katherine ""Annie Kate""",1,-0.1046374011471275,-0.4745451962498395,-0.4736736092984604,9234,-0.4923778278429006,,Q
301,301,301,301,302,1,3,"McCoy, Mr. Bernard",0,-0.1046374011471275,1.340131927606843,-0.4736736092984604,367226,-0.1802901764508609,,Q
302,302,302,302,303,0,3,"Johnson, Mr. William Cahoone Jr",0,-0.7962859910387481,-0.4745451962498395,-0.4736736092984604,LINE,-0.6484216535389205,,S
303,303,303,303,304,1,2,"Keane, Miss. Nora A",1,-0.1046374011471275,-0.4745451962498395,-0.4736736092984604,226593,-0.3997582667846179,E101,Q
304,304,304,304,305,0,3,"Williams, Mr. Howard Hugh ""Harry""",0,-0.1046374011471275,-0.4745451962498395,-0.4736736092984604,A/5 2466,-0.4863374216869257,,S
308,308,308,308,309,0,2,"Abelson, Mr. Samuel",0,0.0490622854954548,0.4327933656785018,-0.4736736092984604,P/PP 3381,-0.1651891610609235,,C
309,309,309,309,310,1,1,"Francatelli, Miss. Laura Mabel",1,0.0490622854954548,-0.4745451962498395,-0.4736736092984604,PC 17485,0.4978299802435121,E36,C
313,313,313,313,314,0,3,"Hendekovic, Mr. Ignjac",0,-0.1046374011471275,-0.4745451962498395,-0.4736736092984604,349243,-0.4894421904510968,,S
315,315,315,315,316,1,3,"Nilsson, Miss. Helmina Josefina",1,-0.2583370877897099,-0.4745451962498395,-0.4736736092984604,347470,-0.4902797934380587,,S
316,316,316,316,317,1,2,"Kantor, Mrs. Sinai (Miriam Sternin)",1,-0.4120367744322922,0.4327933656785018,-0.4736736092984604,244367,-0.1249197866877571,,S
317,317,317,317,318,0,2,"Moraweck, Dr. Ernest",0,1.893458525206443,-0.4745451962498395,-0.4736736092984604,29011,-0.3665360329267556,,S
320,320,320,320,321,0,3,"Dennis, Mr. Samuel",0,-0.5657364610748746,-0.4745451962498395,-0.4736736092984604,A/5 21172,-0.5024451714361923,,S
321,321,321,321,322,0,3,"Danoff, Mr. Yoto",0,-0.1814872444684187,-0.4745451962498395,-0.4736736092984604,349219,-0.4894421904510968,,S
322,322,322,322,323,1,2,"Slayter, Miss. Hilda Mary",1,0.0490622854954548,-0.4745451962498395,-0.4736736092984604,234818,-0.3997582667846179,,Q
327,327,327,327,328,1,2,"Ball, Mrs. (Ada E Hall)",1,0.5101613454232019,-0.4745451962498395,-0.4736736092984604,28551,-0.3866707201133388,D,S
330,330,330,330,331,1,3,"McCoy, Miss. Agnes",1,-0.1046374011471275,1.340131927606843,-0.4736736092984604,367226,-0.1802901764508609,,Q
331,331,331,331,332,0,1,"Partner, Mr. Austen",0,1.2402348569754682,-0.4745451962498395,-0.4736736092984604,113043,-0.0745830687212991,C124,S
333,333,333,333,334,0,3,"Vander Planke, Mr. Leo Edmondus",0,-1.0268355210026217,1.340131927606843,-0.4736736092984604,345764,-0.2859972841804228,,S
335,335,335,335,336,0,3,"Denkoff, Mr. Mitto",0,-0.1046374011471275,-0.4745451962498395,-0.4736736092984604,349225,-0.4894421904510968,,S
338,338,338,338,339,1,3,"Dahl, Mr. Karl Edwart",0,1.2018099353148226,-0.4745451962498395,-0.4736736092984604,7598,-0.4863374216869257,,S
339,339,339,339,340,0,1,"Blackwell, Mr. Stephen Weart",0,1.2018099353148226,-0.4745451962498395,-0.4736736092984604,113784,0.0663597415847833,T,S
342,342,342,342,343,0,2,"Collander, Mr. Erik Gustaf",0,-0.1046374011471275,-0.4745451962498395,-0.4736736092984604,248740,-0.3866707201133388,,S
343,343,343,343,344,0,2,"Sedgwick, Mr. Charles Frederick Waddington",0,-0.335186931111001,-0.4745451962498395,-0.4736736092984604,244361,-0.3866707201133388,,S
344,344,344,344,345,0,2,"Fox, Mr. Stanley Hubert",0,0.5101613454232019,-0.4745451962498395,-0.4736736092984604,229236,-0.3866707201133388,,S
345,345,345,345,346,1,2,"Brown, Miss. Amelia ""Mildred""",1,-0.4120367744322922,-0.4745451962498395,-0.4736736092984604,248733,-0.3866707201133388,F33,S
346,346,346,346,347,1,2,"Smith, Miss. Marion Elsie",1,0.8175607187083667,-0.4745451962498395,-0.4736736092984604,31418,-0.3866707201133388,,S
347,347,347,347,348,1,3,"Davison, Mrs. Thomas Henry (Mary E Finck)",1,-0.1046374011471275,0.4327933656785018,-0.4736736092984604,386525,-0.3242531898349308,,S
349,349,349,349,350,0,3,"Dimic, Mr. Jovan",0,0.9712604053509488,-0.4745451962498395,-0.4736736092984604,315088,-0.4740049257851434,,S
350,350,350,350,351,0,3,"Odahl, Mr. Nils Martin",0,-0.4888866177535834,-0.4745451962498395,-0.4736736092984604,7267,-0.4626791642426904,,S
351,351,351,351,352,0,1,"Williams-Lambert, Mr. Fletcher Fellows",0,-0.1046374011471275,-0.4745451962498395,-0.4736736092984604,113510,0.0562923979914917,C128,S
353,353,353,353,354,0,3,"Arnold-Franchi, Mr. Josef",0,-0.335186931111001,0.4327933656785018,-0.4736736092984604,349237,-0.2900242216177394,,S
354,354,354,354,355,0,3,"Yousif, Mr. Wazli",0,-0.1046374011471275,-0.4745451962498395,-0.4736736092984604,2647,-0.5029485386158568,,C
355,355,355,355,356,0,3,"Vanden Steen, Mr. Leo Peter",0,-0.1046374011471275,-0.4745451962498395,-0.4736736092984604,345783,-0.45714212526638,,S
357,357,357,357,358,0,2,"Funk, Miss. Annie Clemmer",1,0.6638610320657843,-0.4745451962498395,-0.4736736092984604,237671,-0.3866707201133388,,S
358,358,358,358,359,1,3,"McGovern, Miss. Mary",1,-0.1046374011471275,-0.4745451962498395,-0.4736736092984604,330931,-0.489776426258394,,Q
359,359,359,359,360,1,3,"Mockler, Miss. Helen Mary ""Ellie""",1,-0.1046374011471275,-0.4745451962498395,-0.4736736092984604,330980,-0.489776426258394,,Q
361,361,361,361,362,0,2,"del Carlo, Mr. Sebastiano",0,-0.0277875578258363,0.4327933656785018,-0.4736736092984604,SC/PARIS 2167,-0.0902720169770847,,C
363,363,363,363,364,0,3,"Asim, Mr. Adola",0,0.4333115021019107,-0.4745451962498395,-0.4736736092984604,SOTON/O.Q. 3101310,-0.5064721088735089,,S
364,364,364,364,365,0,3,"O'Brien, Mr. Thomas",0,-0.1046374011471275,0.4327933656785018,-0.4736736092984604,370365,-0.3363340021468808,,Q
365,365,365,365,366,0,3,"Adahl, Mr. Mauritz Nils Martin",0,0.0490622854954548,-0.4745451962498395,-0.4736736092984604,C 7076,-0.5024451714361923,,S
367,367,367,367,368,1,3,"Moussa, Mrs. (Mantoura Boulos)",1,-0.1046374011471275,-0.4745451962498395,-0.4736736092984604,2626,-0.5028639729296732,,C
368,368,368,368,369,1,3,"Jermyn, Miss. Annie",1,-0.1046374011471275,-0.4745451962498395,-0.4736736092984604,14313,-0.4923778278429006,,Q
370,370,370,370,371,1,1,"Harder, Mr. George Achilles",0,-0.335186931111001,0.4327933656785018,-0.4736736092984604,11765,0.4678796330534696,E50,C
371,371,371,371,372,0,3,"Wiklund, Mr. Jakob Alfred",0,-0.8731358343600393,0.4327933656785018,-0.4736736092984604,3101267,-0.5176307525123133,,S
372,372,372,372,373,0,3,"Beavan, Mr. William Thomas",0,-0.7962859910387481,-0.4745451962498395,-0.4736736092984604,323951,-0.4863374216869257,,S
376,376,376,376,377,1,3,"Landergren, Miss. Aurora Adelia",1,-0.5657364610748746,-0.4745451962498395,-0.4736736092984604,C 7077,-0.5024451714361923,,S
378,378,378,378,379,0,3,"Betros, Mr. Tannous",0,-0.719436147717457,-0.4745451962498395,-0.4736736092984604,2648,-0.5676312212027554,,C
379,379,379,379,380,0,3,"Gustafsson, Mr. Karl Gideon",0,-0.7962859910387481,-0.4745451962498395,-0.4736736092984604,347069,-0.4918744606632361,,S
382,382,382,382,383,0,3,"Tikkanen, Mr. Juho",0,0.2027619721380371,-0.4745451962498395,-0.4736736092984604,STON/O 2. 3101293,-0.4888542575852486,,S
383,383,383,383,384,1,1,"Holverson, Mrs. Alexander Oskar (Mary Aline Towner)",1,0.4333115021019107,0.4327933656785018,-0.4736736092984604,113789,0.3985820801634062,,S
384,384,384,384,385,0,3,"Plotcharsky, Mr. Vasil",0,-0.1046374011471275,-0.4745451962498395,-0.4736736092984604,349227,-0.4894421904510968,,S
387,387,387,387,388,1,2,"Buss, Miss. Kate",1,0.5101613454232019,-0.4745451962498395,-0.4736736092984604,27849,-0.3866707201133388,,S
388,388,388,388,389,0,3,"Sadlier, Mr. Matthew",0,-0.1046374011471275,-0.4745451962498395,-0.4736736092984604,367655,-0.4927966293363816,,Q
389,389,389,389,390,1,2,"Lehmann, Miss. Bertha",1,-0.9499856776813304,-0.4745451962498395,-0.4736736092984604,SC 1748,-0.406805407299922,,C
391,391,391,391,392,1,3,"Jansson, Mr. Carl Olof",0,-0.6425863043961658,-0.4745451962498395,-0.4736736092984604,350034,-0.4914556591697551,,S
392,392,392,392,393,0,3,"Gustafsson, Mr. Johan Birger",0,-0.1046374011471275,1.340131927606843,-0.4736736092984604,3101277,-0.4888542575852486,,S
395,395,395,395,396,0,3,"Johansson, Mr. Erik",0,-0.5657364610748746,-0.4745451962498395,-0.4736736092984604,350052,-0.4914556591697551,,S
396,396,396,396,397,0,3,"Olsson, Miss. Elina",1,0.125912128816746,-0.4745451962498395,-0.4736736092984604,350407,-0.4902797934380587,,S
397,397,397,397,398,0,2,"McKane, Mr. Peter David",0,1.2786597786361138,-0.4745451962498395,-0.4736736092984604,28403,-0.1249197866877571,,S
398,398,398,398,399,0,2,"Pain, Dr. Alfred",0,-0.4888866177535834,-0.4745451962498395,-0.4736736092984604,244278,-0.4370074380797968,,S
399,399,399,399,400,1,2,"Trout, Mrs. William H (Jessie L)",1,-0.1046374011471275,-0.4745451962498395,-0.4736736092984604,240929,-0.393717860628643,,S
400,400,400,400,401,1,3,"Niskanen, Mr. Juha",0,0.7407108753870755,-0.4745451962498395,-0.4736736092984604,STON/O 2. 3101289,-0.4888542575852486,,S
401,401,401,401,402,0,3,"Adams, Mr. John",0,-0.2583370877897099,-0.4745451962498395,-0.4736736092984604,341826,-0.4863374216869257,,S
402,402,402,402,403,0,3,"Jussila, Miss. Mari Aina",1,-0.6425863043961658,0.4327933656785018,-0.4736736092984604,4137,-0.4505983519307405,,S
403,403,403,403,404,0,3,"Hakkarainen, Mr. Pekka Pietari",0,-0.1046374011471275,0.4327933656785018,-0.4736736092984604,STON/O2. 3101279,-0.3292868616315766,,S
404,404,404,404,405,0,3,"Oreskovic, Miss. Marija",1,-0.719436147717457,-0.4745451962498395,-0.4736736092984604,315096,-0.4740049257851434,,S
405,405,405,405,406,0,2,"Gale, Mr. Shadrach",0,0.3564616587806195,0.4327933656785018,-0.4736736092984604,28664,-0.2255932226206731,,S
406,406,406,406,407,0,3,"Widegren, Mr. Carl/Charles Peter",0,1.6629089952425695,-0.4745451962498395,-0.4736736092984604,347064,-0.4923778278429006,,S
408,408,408,408,409,0,3,"Birkeland, Mr. Hans Martin Monsen",0,-0.6425863043961658,-0.4745451962498395,-0.4736736092984604,312992,-0.4918744606632361,,S
410,410,410,410,411,0,3,"Sdycoff, Mr. Todor",0,-0.1046374011471275,-0.4745451962498395,-0.4736736092984604,349222,-0.4894421904510968,,S
411,411,411,411,412,0,3,"Hart, Mr. Henry",0,-0.1046374011471275,-0.4745451962498395,-0.4736736092984604,394140,-0.5103319284071769,,Q
413,413,413,413,414,0,2,"Cunningham, Mr. Alfred Fleming",0,-0.1046374011471275,-0.4745451962498395,-0.4736736092984604,239853,-0.6484216535389205,,S
414,414,414,414,415,1,3,"Sundman, Mr. Johan Julian",0,1.1249600919935314,-0.4745451962498395,-0.4736736092984604,STON/O 2. 3101269,-0.4888542575852486,,S
415,415,415,415,416,0,3,"Meek, Mrs. Thomas (Annie Louise Rowley)",1,-0.1046374011471275,-0.4745451962498395,-0.4736736092984604,343095,-0.4863374216869257,,S
418,418,418,418,419,0,2,"Matthews, Mr. William John",0,0.0490622854954548,-0.4745451962498395,-0.4736736092984604,28228,-0.3866707201133388,,S
420,420,420,420,421,0,3,"Gheorgheff, Mr. Stanio",0,-0.1046374011471275,-0.4745451962498395,-0.4736736092984604,349254,-0.4894421904510968,,C
421,421,421,421,422,0,3,"Charters, Mr. David",0,-0.6425863043961658,-0.4745451962498395,-0.4736736092984604,A/5. 13032,-0.4927140771189165,,Q
422,422,422,422,423,0,3,"Zimmerman, Mr. Leo",0,-0.0277875578258363,-0.4745451962498395,-0.4736736092984604,315082,-0.4898609919445778,,S
425,425,425,425,426,0,3,"Wiseman, Mr. Phillippe",0,-0.1046374011471275,-0.4745451962498395,-0.4736736092984604,A/4. 34244,-0.5024451714361923,,S
426,426,426,426,427,1,2,"Clarke, Mrs. Charles V (Ada Maria Winfield)",1,-0.1046374011471275,0.4327933656785018,-0.4736736092984604,2003,-0.1249197866877571,,S
427,427,427,427,428,1,2,"Phillips, Miss. Kate Florence (""Mrs Kate Louise Phillips Marshall"")",1,-0.7962859910387481,-0.4745451962498395,-0.4736736092984604,250655,-0.1249197866877571,,S
428,428,428,428,429,0,3,"Flynn, Mr. James",0,-0.1046374011471275,-0.4745451962498395,-0.4736736092984604,364851,-0.4923778278429006,,Q
429,429,429,429,430,1,3,"Pickard, Mr. Berk (Berk Trembisky)",0,0.2027619721380371,-0.4745451962498395,-0.4736736092984604,SOTON/O.Q. 392078,-0.4863374216869257,E10,S
430,430,430,430,431,1,1,"Bjornstrom-Steffansson, Mr. Mauritz Hakan",0,-0.1046374011471275,-0.4745451962498395,-0.4736736092984604,110564,-0.1138457087351363,C52,S
431,431,431,431,432,1,3,"Thorneycroft, Mrs. Percival (Florence Kate White)",1,-0.1046374011471275,0.4327933656785018,-0.4736736092984604,376564,-0.3242531898349308,,S
432,432,432,432,433,1,2,"Louch, Mrs. Charles Alexander (Alice Adelaide Slow)",1,0.9712604053509488,0.4327933656785018,-0.4736736092984604,SC/AH 3085,-0.1249197866877571,,S
433,433,433,433,434,0,3,"Kallio, Mr. Nikolai Erland",0,-0.9499856776813304,-0.4745451962498395,-0.4736736092984604,STON/O 2. 3101274,-0.5049620073345151,,S
434,434,434,434,435,0,1,"Silvey, Mr. William Baird",0,1.5860591519212783,0.4327933656785018,-0.4736736092984604,13507,0.4771073601910807,E44,S
439,439,439,439,440,0,2,"Kvillner, Mr. Johan Henrik Johannesson",0,0.125912128816746,-0.4745451962498395,-0.4736736092984604,C.A. 18723,-0.4370074380797968,,S
441,441,441,441,442,0,3,"Hampe, Mr. Leon",0,-0.719436147717457,-0.4745451962498395,-0.4736736092984604,345769,-0.45714212526638,,S
442,442,442,442,443,0,3,"Petterson, Mr. Johan Emil",0,-0.335186931111001,0.4327933656785018,-0.4736736092984604,347076,-0.4918744606632361,,S
443,443,443,443,444,1,2,"Reynaldo, Ms. Encarnacion",1,-0.1046374011471275,-0.4745451962498395,-0.4736736092984604,230434,-0.3866707201133388,,S
444,444,444,444,445,1,3,"Johannesen-Bratthammer, Mr. Bernt",0,-0.1046374011471275,-0.4745451962498395,-0.4736736092984604,65306,-0.4850790037377642,,S
447,447,447,447,448,1,1,"Seward, Mr. Frederic Kimber",0,0.3564616587806195,-0.4745451962498395,-0.4736736092984604,113794,-0.1138457087351363,,S
449,449,449,449,450,1,1,"Peuchen, Major. Arthur Godfrey",0,1.7397588385638607,-0.4745451962498395,-0.4736736092984604,113786,-0.0343136943481327,C104,S
451,451,451,451,452,0,3,"Hagland, Mr. Ingvald Olai Olsen",0,-0.1046374011471275,0.4327933656785018,-0.4736736092984604,65303,-0.2463983948905696,,S
452,452,452,452,453,0,1,"Foreman, Mr. Benjamin Laventall",0,0.0490622854954548,-0.4745451962498395,-0.4736736092984604,113051,-0.0896840841112365,C111,C
454,454,454,454,455,0,3,"Peduzzi, Mr. Joseph",0,-0.1046374011471275,-0.4745451962498395,-0.4736736092984604,A/5 2817,-0.4863374216869257,,S
455,455,455,455,456,1,3,"Jalsevac, Mr. Ivan",0,-0.0277875578258363,-0.4745451962498395,-0.4736736092984604,349240,-0.4894421904510968,,C
457,457,457,457,458,1,1,"Kenyon, Mrs. Frederick R (Marion)",1,-0.1046374011471275,0.4327933656785018,-0.4736736092984604,17464,0.395813560675251,D21,S
458,458,458,458,459,1,2,"Toomey, Miss. Ellen",1,1.5860591519212783,-0.4745451962498395,-0.4736736092984604,F.C.C. 13531,-0.4370074380797968,,S
459,459,459,459,460,0,3,"O'Connor, Mr. Maurice",0,-0.1046374011471275,-0.4745451962498395,-0.4736736092984604,371060,-0.4923778278429006,,Q
460,460,460,460,461,1,1,"Anderson, Mr. Harry",0,1.432359465278696,-0.4745451962498395,-0.4736736092984604,19952,-0.1138457087351363,E12,S
461,461,461,461,462,0,3,"Morley, Mr. William",0,0.3564616587806195,-0.4745451962498395,-0.4736736092984604,364506,-0.4863374216869257,,S
462,462,462,462,463,0,1,"Gee, Mr. Arthur H",0,1.3555096219574048,-0.4745451962498395,-0.4736736092984604,111320,0.1267638031445329,E63,S
463,463,463,463,464,0,2,"Milling, Mr. Jacob Christian",0,1.432359465278696,-0.4745451962498395,-0.4736736092984604,234360,-0.3866707201133388,,S
464,464,464,464,465,0,3,"Maisner, Mr. Simon",0,-0.1046374011471275,-0.4745451962498395,-0.4736736092984604,A/S 2816,-0.4863374216869257,,S
465,465,465,465,466,0,3,"Goncalves, Mr. Manuel Estanslas",0,0.6638610320657843,-0.4745451962498395,-0.4736736092984604,SOTON/O.Q. 3101306,-0.5064721088735089,,S
466,466,466,466,467,0,2,"Campbell, Mr. William",0,-0.1046374011471275,-0.4745451962498395,-0.4736736092984604,239853,-0.6484216535389205,,S
468,468,468,468,469,0,3,"Scanlan, Mr. James",0,-0.1046374011471275,-0.4745451962498395,-0.4736736092984604,36209,-0.4928811950225652,,Q
470,470,470,470,471,0,3,"Keefe, Mr. Arthur",0,-0.1046374011471275,-0.4745451962498395,-0.4736736092984604,323592,-0.5024451714361923,,S
471,471,471,471,472,0,3,"Cacic, Mr. Luka",0,0.6638610320657843,-0.4745451962498395,-0.4736736092984604,315089,-0.4740049257851434,,S
473,473,473,473,474,1,2,"Jerwan, Mrs. Amin S (Marie Marthe Thuillard)",1,-0.4888866177535834,-0.4745451962498395,-0.4736736092984604,SC/AH Basle 541,-0.3707300882677209,D,C
474,474,474,474,475,0,3,"Strandberg, Miss. Ida Sofia",1,-0.5657364610748746,-0.4745451962498395,-0.4736736092984604,7553,-0.4503466683409082,,S
475,475,475,475,476,0,1,"Clifford, Mr. George Quincy",0,-0.1046374011471275,-0.4745451962498395,-0.4736736092984604,110465,0.3985820801634062,A14,S
476,476,476,476,477,0,2,"Renouf, Mr. Peter Henry",0,0.3564616587806195,0.4327933656785018,-0.4736736092984604,31027,-0.2255932226206731,,S
477,477,477,477,478,0,3,"Braund, Mr. Lewis Richard",0,-0.0277875578258363,0.4327933656785018,-0.4736736092984604,3460,-0.5065566745596926,,S
478,478,478,478,479,0,3,"Karlsson, Mr. Nils August",0,-0.5657364610748746,-0.4745451962498395,-0.4736736092984604,350060,-0.4969926981460655,,S
481,481,481,481,482,0,2,"Frost, Mr. Anthony Wood ""Archie""",0,-0.1046374011471275,-0.4745451962498395,-0.4736736092984604,239854,-0.6484216535389205,,S
482,482,482,482,483,0,3,"Rouse, Mr. Richard Henry",0,1.5860591519212783,-0.4745451962498395,-0.4736736092984604,A/5 3594,-0.4863374216869257,,S
488,488,488,488,489,0,3,"Somerton, Mr. Francis William",0,0.0490622854954548,-0.4745451962498395,-0.4736736092984604,A.5. 18509,-0.4863374216869257,,S
490,490,490,490,491,0,3,"Hagland, Mr. Konrad Mathias Reiersen",0,-0.1046374011471275,0.4327933656785018,-0.4736736092984604,65304,-0.2463983948905696,,S
491,491,491,491,492,0,3,"Windelov, Mr. Einar",0,-0.6425863043961658,-0.4745451962498395,-0.4736736092984604,SOTON/OQ 3101317,-0.5024451714361923,,S
494,494,494,494,495,0,3,"Stanley, Mr. Edward Roland",0,-0.6425863043961658,-0.4745451962498395,-0.4736736092984604,A/4 45380,-0.4863374216869257,,S
495,495,495,495,496,0,3,"Yousseff, Mr. Gerious",0,-0.1046374011471275,-0.4745451962498395,-0.4736736092984604,2627,-0.3573083057891445,,C
497,497,497,497,498,0,3,"Shellard, Mr. Frederick William",0,-0.1046374011471275,-0.4745451962498395,-0.4736736092984604,C.A. 6212,-0.3443878770215141,,S
499,499,499,499,500,0,3,"Svensson, Mr. Olof",0,-0.4120367744322922,-0.4745451962498395,-0.4736736092984604,350035,-0.4914556591697551,,S
500,500,500,500,501,0,3,"Calic, Mr. Petar",0,-0.9499856776813304,-0.4745451962498395,-0.4736736092984604,315086,-0.4740049257851434,,S
501,501,501,501,502,0,3,"Canavan, Miss. Mary",1,-0.6425863043961658,-0.4745451962498395,-0.4736736092984604,364846,-0.4923778278429006,,Q
502,502,502,502,503,0,3,"O'Sullivan, Miss. Bridget Mary",1,-0.1046374011471275,-0.4745451962498395,-0.4736736092984604,330909,-0.4948100980550399,,Q
503,503,503,503,504,0,3,"Laitinen, Miss. Kristina Sofia",1,0.5870111887444931,-0.4745451962498395,-0.4736736092984604,4135,-0.455380340137554,,S
507,507,507,507,508,1,1,"Bradley, Mr. George (""George Arthur Brayton"")",0,-0.1046374011471275,-0.4745451962498395,-0.4736736092984604,111427,-0.1138457087351363,,S
508,508,508,508,509,0,3,"Olsen, Mr. Henry Margido",0,-0.1046374011471275,-0.4745451962498395,-0.4736736092984604,C 4001,-0.1948878246611338,,S
509,509,509,509,510,1,3,"Lang, Mr. Fang",0,-0.2583370877897099,-0.4745451962498395,-0.4736736092984604,1601,0.489103606816847,,S
510,510,510,510,511,1,3,"Daly, Mr. Eugene Patrick",0,-0.0277875578258363,-0.4745451962498395,-0.4736736092984604,382651,-0.4923778278429006,,Q
511,511,511,511,512,0,3,"Webber, Mr. James",0,-0.1046374011471275,-0.4745451962498395,-0.4736736092984604,SOTON/OQ 3101316,-0.4863374216869257,,S
512,512,512,512,513,1,1,"McGough, Mr. James Robert",0,0.5101613454232019,-0.4745451962498395,-0.4736736092984604,PC 17473,-0.1191310641216144,E25,S
513,513,513,513,514,1,1,"Rothschild, Mrs. Martin (Elizabeth L. Barrett)",1,1.893458525206443,0.4327933656785018,-0.4736736092984604,PC 17603,0.5475787653441219,,C
514,514,514,514,515,0,3,"Coleff, Mr. Satio",0,-0.4120367744322922,-0.4745451962498395,-0.4736736092984604,349209,-0.4974960653257301,,S
515,515,515,515,516,0,1,"Walker, Mr. William Anderson",0,1.3555096219574048,-0.4745451962498395,-0.4736736092984604,36967,0.0365765122983894,D46,S
516,516,516,516,517,1,2,"Lemore, Mrs. (Amelia Milley)",1,0.3564616587806195,-0.4745451962498395,-0.4736736092984604,C.A. 34260,-0.4370074380797968,F33,S
517,517,517,517,518,0,3,"Ryan, Mr. Patrick",0,-0.1046374011471275,-0.4745451962498395,-0.4736736092984604,371110,-0.1621689579829361,,Q
518,518,518,518,519,1,2,"Angle, Mrs. William A (Florence ""Mary"" Agnes Hughes)",1,0.5101613454232019,0.4327933656785018,-0.4736736092984604,226875,-0.1249197866877571,,S
519,519,519,519,520,0,3,"Pavlovic, Mr. Stefo",0,0.2027619721380371,-0.4745451962498395,-0.4736736092984604,349242,-0.4894421904510968,,S
521,521,521,521,522,0,3,"Vovk, Mr. Janko",0,-0.5657364610748746,-0.4745451962498395,-0.4736736092984604,349252,-0.4894421904510968,,S
522,522,522,522,523,0,3,"Lahoud, Mr. Sarkis",0,-0.1046374011471275,-0.4745451962498395,-0.4736736092984604,2624,-0.5029485386158568,,C
524,524,524,524,525,0,3,"Kassem, Mr. Fared",0,-0.1046374011471275,-0.4745451962498395,-0.4736736092984604,2700,-0.5028639729296732,,C
525,525,525,525,526,0,3,"Farrell, Mr. James",0,0.8559856403690123,-0.4745451962498395,-0.4736736092984604,367232,-0.4923778278429006,,Q
526,526,526,526,527,1,2,"Ridsdale, Miss. Lucy",1,1.5860591519212783,-0.4745451962498395,-0.4736736092984604,W./C. 14258,-0.4370074380797968,,S
528,528,528,528,529,0,3,"Salonen, Mr. Johan Werner",0,0.7407108753870755,-0.4745451962498395,-0.4736736092984604,3101296,-0.4888542575852486,,S
531,531,531,531,532,0,3,"Toufik, Mr. Nakli",0,-0.1046374011471275,-0.4745451962498395,-0.4736736092984604,2641,-0.5028639729296732,,C
534,534,534,534,535,0,3,"Cacic, Miss. Marija",1,0.0490622854954548,-0.4745451962498395,-0.4736736092984604,315084,-0.4740049257851434,,S
536,536,536,536,537,0,1,"Butt, Major. Archibald Willingham",0,1.2018099353148226,-0.4745451962498395,-0.4736736092984604,113050,-0.1138457087351363,B38,S
538,538,538,538,539,0,3,"Risien, Mr. Samuel Beard",0,-0.1046374011471275,-0.4745451962498395,-0.4736736092984604,364498,-0.356468689333464,,S
543,543,543,543,544,1,2,"Beane, Mr. Edward",0,0.2027619721380371,0.4327933656785018,-0.4736736092984604,2908,-0.1249197866877571,,S
546,546,546,546,547,1,2,"Beane, Mrs. Edward (Ethel Clarke)",1,-0.7962859910387481,0.4327933656785018,-0.4736736092984604,2908,-0.1249197866877571,,S
547,547,547,547,548,1,2,"Padro y Manent, Mr. Julian",0,-0.1046374011471275,-0.4745451962498395,-0.4736736092984604,SC/PARIS 2146,-0.3693045524149108,,C
551,551,551,551,552,0,2,"Sharp, Mr. Percival James R",0,-0.1814872444684187,-0.4745451962498395,-0.4736736092984604,244358,-0.1249197866877571,,S
552,552,552,552,553,0,3,"O'Brien, Mr. Timothy",0,-0.1046374011471275,-0.4745451962498395,-0.4736736092984604,330979,-0.4907831606177232,,Q
553,553,553,553,554,1,3,"Leeni, Mr. Fahim (""Philip Zenni"")",0,-0.5657364610748746,-0.4745451962498395,-0.4736736092984604,2620,-0.5029485386158568,,C
554,554,554,554,555,1,3,"Ohman, Miss. Velin",1,-0.5657364610748746,-0.4745451962498395,-0.4736736092984604,347085,-0.4918744606632361,,S
556,556,556,556,557,1,1,"Duff Gordon, Lady. (Lucille Christiana Sutherland) (""Mrs Morgan"")",1,1.432359465278696,0.4327933656785018,-0.4736736092984604,11755,0.1489119590497745,A16,C
559,559,559,559,560,1,3,"de Messemaeker, Mrs. Guillaume Joseph (Emma)",1,0.5101613454232019,0.4327933656785018,-0.4736736092984604,345572,-0.2980780964923727,,S
560,560,560,560,561,0,3,"Morrow, Mr. Thomas Rowan",0,-0.1046374011471275,-0.4745451962498395,-0.4736736092984604,372622,-0.4923778278429006,,Q
561,561,561,561,562,0,3,"Sivic, Mr. Husein",0,0.8175607187083667,-0.4745451962498395,-0.4736736092984604,349251,-0.4894421904510968,,S
562,562,562,562,563,0,2,"Norman, Mr. Robert Douglas",0,-0.1046374011471275,-0.4745451962498395,-0.4736736092984604,218629,-0.3766033765200472,,S
563,563,563,563,564,0,3,"Simmons, Mr. John",0,-0.1046374011471275,-0.4745451962498395,-0.4736736092984604,SOTON/OQ 392082,-0.4863374216869257,,S
564,564,564,564,565,0,3,"Meanwell, Miss. (Marion Ogden)",1,-0.1046374011471275,-0.4745451962498395,-0.4736736092984604,SOTON/O.Q. 392087,-0.4863374216869257,,S
565,565,565,565,566,0,3,"Davies, Mr. Alfred J",0,-0.4120367744322922,1.340131927606843,-0.4736736092984604,A/4 48871,-0.1621689579829361,,S
566,566,566,566,567,0,3,"Stoytcheff, Mr. Ilia",0,-0.7962859910387481,-0.4745451962498395,-0.4736736092984604,349205,-0.4894421904510968,,S
568,568,568,568,569,0,3,"Doharr, Mr. Tannous",0,-0.1046374011471275,-0.4745451962498395,-0.4736736092984604,2686,-0.5028639729296732,,C
569,569,569,569,570,1,3,"Jonsson, Mr. Carl",0,0.2027619721380371,-0.4745451962498395,-0.4736736092984604,350417,-0.4902797934380587,,S
571,571,571,571,572,1,1,"Appleton, Mrs. Edward Dale (Charlotte Lamson)",1,1.816608681885152,1.340131927606843,-0.4736736092984604,11769,0.3880959350766336,C101,S
572,572,572,572,573,1,1,"Flynn, Mr. John Irwin (""Irving"")",0,0.5101613454232019,-0.4745451962498395,-0.4736736092984604,PC 17474,-0.1171175954029561,E25,S
573,573,573,573,574,1,3,"Kelly, Miss. Mary",1,-0.1046374011471275,-0.4745451962498395,-0.4736736092984604,14312,-0.4923778278429006,,Q
574,574,574,574,575,0,3,"Rush, Mr. Alfred George John",0,-1.0268355210026217,-0.4745451962498395,-0.4736736092984604,A/4. 20589,-0.4863374216869257,,S
575,575,575,575,576,0,3,"Patchett, Mr. George",0,-0.7962859910387481,-0.4745451962498395,-0.4736736092984604,358585,-0.356468689333464,,S
576,576,576,576,577,1,2,"Garside, Miss. Ethel",1,0.3564616587806195,-0.4745451962498395,-0.4736736092984604,243880,-0.3866707201133388,,S
577,577,577,577,578,1,1,"Silvey, Mrs. William Baird (Alice Munger)",1,0.7407108753870755,0.4327933656785018,-0.4736736092984604,13507,0.4771073601910807,E44,S
578,578,578,578,579,0,3,"Caram, Mrs. Joseph (Maria Elias)",1,-0.1046374011471275,0.4327933656785018,-0.4736736092984604,2689,-0.3573083057891445,,C
579,579,579,579,580,1,3,"Jussila, Mr. Eiriik",0,0.2027619721380371,-0.4745451962498395,-0.4736736092984604,STON/O 2. 3101286,-0.4888542575852486,,S
582,582,582,582,583,0,2,"Downton, Mr. William James",0,1.893458525206443,-0.4745451962498395,-0.4736736092984604,28403,-0.1249197866877571,,S
583,583,583,583,584,0,1,"Ross, Mr. John Hugo",0,0.5101613454232019,-0.4745451962498395,-0.4736736092984604,13049,0.1594826698227306,A10,C
584,584,584,584,585,0,3,"Paulner, Mr. Uscher",0,-0.1046374011471275,-0.4745451962498395,-0.4736736092984604,3411,-0.4729981914258143,,C
586,586,586,586,587,0,2,"Jarvis, Mr. John Denzil",0,1.3555096219574048,-0.4745451962498395,-0.4736736092984604,237565,-0.3464013457401724,,S
588,588,588,588,589,0,3,"Gilinski, Mr. Eliezer",0,-0.5657364610748746,-0.4745451962498395,-0.4736736092984604,14973,-0.4863374216869257,,S
589,589,589,589,590,0,3,"Murdlin, Mr. Joseph",0,-0.1046374011471275,-0.4745451962498395,-0.4736736092984604,A./5. 3235,-0.4863374216869257,,S
590,590,590,590,591,0,3,"Rintamaki, Mr. Matti",0,0.4333115021019107,-0.4745451962498395,-0.4736736092984604,STON/O 2. 3101273,-0.5049620073345151,,S
592,592,592,592,593,0,3,"Elsbury, Mr. William James",0,1.3555096219574048,-0.4745451962498395,-0.4736736092984604,A/5 3902,-0.5024451714361923,,S
594,594,594,594,595,0,2,"Chapman, Mr. John Henry",0,0.5870111887444931,0.4327933656785018,-0.4736736092984604,SC/AH 29037,-0.1249197866877571,,S
596,596,596,596,597,1,2,"Leitch, Miss. Jessie Wills",1,-0.1046374011471275,-0.4745451962498395,-0.4736736092984604,248727,0.0160230236183252,,S
597,597,597,597,598,0,3,"Johnson, Mr. Alfred",0,1.5092093085999871,-0.4745451962498395,-0.4736736092984604,LINE,-0.6484216535389205,,S
598,598,598,598,599,0,3,"Boulos, Mr. Hanna",0,-0.1046374011471275,-0.4745451962498395,-0.4736736092984604,2664,-0.5029485386158568,,C
599,599,599,599,600,1,1,"Duff Gordon, Sir. Cosmo Edmund (""Mr Morgan"")",0,1.5092093085999871,0.4327933656785018,-0.4736736092984604,PC 17485,0.4978299802435121,A20,C
601,601,601,601,602,0,3,"Slabenoff, Mr. Petco",0,-0.1046374011471275,-0.4745451962498395,-0.4736736092984604,349214,-0.4894421904510968,,S
602,602,602,602,603,0,1,"Harrington, Mr. Charles H",0,-0.1046374011471275,-0.4745451962498395,-0.4736736092984604,113796,0.2052890831722074,,S
603,603,603,603,604,0,3,"Torber, Mr. Ernst William",0,1.1249600919935314,-0.4745451962498395,-0.4736736092984604,364511,-0.4863374216869257,,S
604,604,604,604,605,1,1,"Homer, Mr. Harry (""Mr E Haven"")",0,0.4333115021019107,-0.4745451962498395,-0.4736736092984604,111426,-0.1138457087351363,,C
605,605,605,605,606,0,3,"Lindell, Mr. Edvard Bengtsson",0,0.5101613454232019,0.4327933656785018,-0.4736736092984604,349910,-0.3353272677875516,,S
606,606,606,606,607,0,3,"Karaic, Mr. Milan",0,0.0490622854954548,-0.4745451962498395,-0.4736736092984604,349246,-0.4894421904510968,,S
607,607,607,607,608,1,1,"Daniel, Mr. Robert Williams",0,-0.1814872444684187,-0.4745451962498395,-0.4736736092984604,113804,-0.0343136943481327,,S
611,611,611,611,612,0,3,"Jardin, Mr. Jose Neto",0,-0.1046374011471275,-0.4745451962498395,-0.4736736092984604,SOTON/O.Q. 3101305,-0.5064721088735089,,S
612,612,612,612,613,1,3,"Murphy, Miss. Margaret Jane",1,-0.1046374011471275,0.4327933656785018,-0.4736736092984604,367230,-0.3363340021468808,,Q
613,613,613,613,614,0,3,"Horgan, Mr. John",0,-0.1046374011471275,-0.4745451962498395,-0.4736736092984604,370377,-0.4923778278429006,,Q
614,614,614,614,615,0,3,"Brocklebank, Mr. William Alfred",0,0.4333115021019107,-0.4745451962498395,-0.4736736092984604,364512,-0.4863374216869257,,S
617,617,617,617,618,0,3,"Lobb, Mrs. William Arthur (Cordelia K Stanlick)",1,-0.2583370877897099,0.4327933656785018,-0.4736736092984604,A/5. 3336,-0.3242531898349308,,S
619,619,619,619,620,0,2,"Gavey, Mr. Lawrence",0,-0.2583370877897099,-0.4745451962498395,-0.4736736092984604,31028,-0.4370074380797968,,S
620,620,620,620,621,0,3,"Yasbeck, Mr. Antoni",0,-0.1814872444684187,0.4327933656785018,-0.4736736092984604,2659,-0.3573908580066095,,C
621,621,621,621,622,1,1,"Kimball, Mr. Edwin Nelson Jr",0,0.9712604053509488,0.4327933656785018,-0.4736736092984604,11753,0.4097407238022106,D19,S
623,623,623,623,624,0,3,"Hansen, Mr. Henry Damsgaard",0,-0.6425863043961658,-0.4745451962498395,-0.4736736092984604,350029,-0.4902797934380587,,S
624,624,624,624,625,0,3,"Bowen, Mr. David John ""Dai""",0,-0.6425863043961658,-0.4745451962498395,-0.4736736092984604,54636,-0.3242531898349308,,S
628,628,628,628,629,0,3,"Bostandyeff, Mr. Guentcho",0,-0.2583370877897099,-0.4745451962498395,-0.4736736092984604,349224,-0.4894421904510968,,S
629,629,629,629,630,0,3,"O'Connell, Mr. Patrick D",0,-0.1046374011471275,-0.4745451962498395,-0.4736736092984604,334912,-0.4927140771189165,,Q
631,631,631,631,632,0,3,"Lundahl, Mr. Johan Svensson",0,1.6629089952425695,-0.4745451962498395,-0.4736736092984604,347743,-0.5063875431873253,,S
632,632,632,632,633,1,1,"Stahelin-Maeglin, Dr. Max",0,0.2027619721380371,-0.4745451962498395,-0.4736736092984604,13214,-0.0343136943481327,B50,C
633,633,633,633,634,0,1,"Parr, Mr. William Henry Marsh",0,-0.1046374011471275,-0.4745451962498395,-0.4736736092984604,112052,-0.6484216535389205,,S
635,635,635,635,636,1,2,"Davis, Miss. Mary",1,-0.1046374011471275,-0.4745451962498395,-0.4736736092984604,237668,-0.3866707201133388,,S
636,636,636,636,637,0,3,"Leinonen, Mr. Antti Gustaf",0,0.2027619721380371,-0.4745451962498395,-0.4736736092984604,STON/O 2. 3101292,-0.4888542575852486,,S
639,639,639,639,640,0,3,"Thorneycroft, Mr. Percival",0,-0.1046374011471275,0.4327933656785018,-0.4736736092984604,376564,-0.3242531898349308,,S
640,640,640,640,641,0,3,"Jensen, Mr. Hans Peder",0,-0.719436147717457,-0.4745451962498395,-0.4736736092984604,350050,-0.4902797934380587,,S
643,643,643,643,644,1,3,"Foo, Mr. Choong",0,-0.1046374011471275,-0.4745451962498395,-0.4736736092984604,1601,0.489103606816847,,S
646,646,646,646,647,0,3,"Cor, Mr. Liudevit",0,-0.7962859910387481,-0.4745451962498395,-0.4736736092984604,349231,-0.4894421904510968,,S
648,648,648,648,649,0,3,"Willey, Mr. Edward",0,-0.1046374011471275,-0.4745451962498395,-0.4736736092984604,S.O./P.P. 751,-0.4964047652802172,,S
649,649,649,649,650,1,3,"Stanley, Miss. Amy Zillah Elsie",1,-0.4888866177535834,-0.4745451962498395,-0.4736736092984604,CA. 2314,-0.4964047652802172,,S
650,650,650,650,651,0,3,"Mitkoff, Mr. Mito",0,-0.1046374011471275,-0.4745451962498395,-0.4736736092984604,349221,-0.4894421904510968,,S
652,652,652,652,653,0,3,"Kalvik, Mr. Johannes Halvorsen",0,-0.6425863043961658,-0.4745451962498395,-0.4736736092984604,8475,-0.4786197960883083,,S
653,653,653,653,654,1,3,"O'Leary, Miss. Hanora ""Norah""",1,-0.1046374011471275,-0.4745451962498395,-0.4736736092984604,330919,-0.4907831606177232,,Q
654,654,654,654,655,0,3,"Hegarty, Miss. Hanora ""Nora""",1,-0.8731358343600393,-0.4745451962498395,-0.4736736092984604,365226,-0.5125125150294839,,Q
656,656,656,656,657,0,3,"Radeff, Mr. Alexander",0,-0.1046374011471275,-0.4745451962498395,-0.4736736092984604,349223,-0.4894421904510968,,S
658,658,658,658,659,0,2,"Eitemiller, Mr. George Floyd",0,-0.4888866177535834,-0.4745451962498395,-0.4736736092984604,29751,-0.3866707201133388,,S
661,661,661,661,662,0,3,"Badt, Mr. Mohamed",0,0.8175607187083667,-0.4745451962498395,-0.4736736092984604,2623,-0.5029485386158568,,C
662,662,662,662,663,0,1,"Colley, Mr. Edward Pomeroy",0,1.3555096219574048,-0.4745451962498395,-0.4736736092984604,5727,-0.1332253451522227,E58,S
663,663,663,663,664,0,3,"Coleff, Mr. Peju",0,0.5101613454232019,-0.4745451962498395,-0.4736736092984604,349210,-0.4974960653257301,,S
664,664,664,664,665,1,3,"Lindqvist, Mr. Eino William",0,-0.719436147717457,0.4327933656785018,-0.4736736092984604,STON/O 2. 3101285,-0.4888542575852486,,S
666,666,666,666,667,0,2,"Butler, Mr. Reginald Fenton",0,-0.335186931111001,-0.4745451962498395,-0.4736736092984604,234686,-0.3866707201133388,,S
667,667,667,667,668,0,3,"Rommetvedt, Mr. Knud Paust",0,-0.1046374011471275,-0.4745451962498395,-0.4736736092984604,312993,-0.4918744606632361,,S
668,668,668,668,669,0,3,"Cook, Mr. Jacob",0,1.0481102486722402,-0.4745451962498395,-0.4736736092984604,A/5 3536,-0.4863374216869257,,S
669,669,669,669,670,1,1,"Taylor, Mrs. Elmer Zebley (Juliet Cummins Wright)",1,-0.1046374011471275,0.4327933656785018,-0.4736736092984604,19996,0.3985820801634062,C126,S
671,671,671,671,672,0,1,"Davidson, Mr. Thornton",0,0.125912128816746,0.4327933656785018,-0.4736736092984604,F.C. 12750,0.3985820801634062,B71,S
673,673,673,673,674,1,2,"Wilhelms, Mr. Charles",0,0.125912128816746,-0.4745451962498395,-0.4736736092984604,244270,-0.3866707201133388,,S
674,674,674,674,675,0,2,"Watson, Mr. Ennis Hastings",0,-0.1046374011471275,-0.4745451962498395,-0.4736736092984604,239856,-0.6484216535389205,,S
675,675,675,675,676,0,3,"Edvardsson, Mr. Gustaf Hjalmar",0,-0.8731358343600393,-0.4745451962498395,-0.4736736092984604,349912,-0.4918744606632361,,S
676,676,676,676,677,0,3,"Sawyer, Mr. Frederick Charles",0,-0.3736118527716466,-0.4745451962498395,-0.4736736092984604,342826,-0.4863374216869257,,S
677,677,677,677,678,1,3,"Turja, Miss. Anna Sofia",1,-0.8731358343600393,-0.4745451962498395,-0.4736736092984604,4138,-0.4502621026547245,,S
680,680,680,680,681,0,3,"Peters, Miss. Katie",1,-0.1046374011471275,-0.4745451962498395,-0.4736736092984604,330935,-0.4845756365580996,,Q
682,682,682,682,683,0,3,"Olsvigen, Mr. Thor Anderson",0,-0.719436147717457,-0.4745451962498395,-0.4736736092984604,6563,-0.4626791642426904,,S
687,687,687,687,688,0,3,"Dakic, Mr. Branko",0,-0.7962859910387481,-0.4745451962498395,-0.4736736092984604,349228,-0.44363577710162,,S
688,688,688,688,689,0,3,"Fischer, Mr. Eberhard Thelander",0,-0.8731358343600393,-0.4745451962498395,-0.4736736092984604,350036,-0.4914556591697551,,S
690,690,690,690,691,1,1,"Dick, Mr. Albert Adrian",0,0.125912128816746,0.4327933656785018,-0.4736736092984604,17474,0.4992555160963222,B20,S
692,692,692,692,693,1,3,"Lam, Mr. Ali",0,-0.1046374011471275,-0.4745451962498395,-0.4736736092984604,1601,0.489103606816847,,S
693,693,693,693,694,0,3,"Saad, Mr. Khalil",0,-0.335186931111001,-0.4745451962498395,-0.4736736092984604,2672,-0.5029485386158568,,C
695,695,695,695,696,0,2,"Chapman, Mr. Charles Henry",0,1.7397588385638607,-0.4745451962498395,-0.4736736092984604,248731,-0.3766033765200472,,S
696,696,696,696,697,0,3,"Kelly, Mr. James",0,1.1249600919935314,-0.4745451962498395,-0.4736736092984604,363592,-0.4863374216869257,,S
697,697,697,697,698,1,3,"Mullens, Miss. Katherine ""Katie""",1,-0.1046374011471275,-0.4745451962498395,-0.4736736092984604,35852,-0.4927140771189165,,Q
699,699,699,699,700,0,3,"Humblen, Mr. Adolf Mathias Nicolai Olsen",0,0.9712604053509488,-0.4745451962498395,-0.4736736092984604,348121,-0.494391296561559,F G63,S
701,701,701,701,702,1,1,"Silverthorne, Mr. Spencer Victor",0,0.4333115021019107,-0.4745451962498395,-0.4736736092984604,PC 17475,-0.1191310641216144,E24,S
703,703,703,703,704,0,3,"Gallagher, Mr. Martin",0,-0.335186931111001,-0.4745451962498395,-0.4736736092984604,36864,-0.4925449457465493,,Q
704,704,704,704,705,0,3,"Hansen, Mr. Henrik Juul",0,-0.2583370877897099,0.4327933656785018,-0.4736736092984604,350025,-0.4902797934380587,,S
705,705,705,705,706,0,2,"Morley, Mr. Henry Samuel (""Mr Henry Marshall"")",0,0.7407108753870755,-0.4745451962498395,-0.4736736092984604,250655,-0.1249197866877571,,S
706,706,706,706,707,1,2,"Kelly, Mrs. Florence ""Fannie""",1,1.2018099353148226,-0.4745451962498395,-0.4736736092984604,223596,-0.3766033765200472,,S
707,707,707,707,708,1,1,"Calderhead, Mr. Edward Pennington",0,0.9712604053509488,-0.4745451962498395,-0.4736736092984604,PC 17476,-0.1191310641216144,E24,S
710,710,710,710,711,1,1,"Mayne, Mlle. Berthe Antonine (""Mrs de Villiers"")",1,-0.4120367744322922,-0.4745451962498395,-0.4736736092984604,PC 17482,0.3483299278831318,C90,C
711,711,711,711,712,0,1,"Klaber, Mr. Herman",0,-0.1046374011471275,-0.4745451962498395,-0.4736736092984604,113028,-0.1138457087351363,C124,S
712,712,712,712,713,1,1,"Taylor, Mr. Elmer Zebley",0,1.432359465278696,0.4327933656785018,-0.4736736092984604,19996,0.3985820801634062,C126,S
713,713,713,713,714,0,3,"Larsson, Mr. August Viktor",0,-0.0277875578258363,-0.4745451962498395,-0.4736736092984604,7545,-0.457478374542396,,S
714,714,714,714,715,0,2,"Greenberg, Mr. Samuel",0,1.7397588385638607,-0.4745451962498395,-0.4736736092984604,250647,-0.3866707201133388,,S
715,715,715,715,716,0,3,"Soholt, Mr. Peter Andreas Lauritz Andersen",0,-0.7962859910387481,-0.4745451962498395,-0.4736736092984604,348124,-0.494391296561559,F G73,S
717,717,717,717,718,1,2,"Troutt, Miss. Edwina Celia ""Winnie""",1,-0.1814872444684187,-0.4745451962498395,-0.4736736092984604,34218,-0.4370074380797968,E101,S
718,718,718,718,719,0,3,"McEvoy, Mr. Michael",0,-0.1046374011471275,-0.4745451962498395,-0.4736736092984604,36568,-0.3363340021468808,,Q
719,719,719,719,720,0,3,"Johnson, Mr. Malkolm Joackim",0,0.2796118154593283,-0.4745451962498395,-0.4736736092984604,347062,-0.4918744606632361,,S
721,721,721,721,722,0,3,"Jensen, Mr. Svend Lauritz",0,-0.9499856776813304,0.4327933656785018,-0.4736736092984604,350048,-0.5063875431873253,,S
722,722,722,722,723,0,2,"Gillespie, Mr. William Henry",0,0.3564616587806195,-0.4745451962498395,-0.4736736092984604,12233,-0.3866707201133388,,S
723,723,723,723,724,0,2,"Hodges, Mr. Henry Price",0,1.5860591519212783,-0.4745451962498395,-0.4736736092984604,250643,-0.3866707201133388,,S
724,724,724,724,725,1,1,"Chambers, Mr. Norman Campbell",0,-0.1814872444684187,0.4327933656785018,-0.4736736092984604,113806,0.4207302360686478,E8,S
725,725,725,725,726,0,3,"Oreskovic, Mr. Luka",0,-0.719436147717457,-0.4745451962498395,-0.4736736092984604,315094,-0.4740049257851434,,S
727,727,727,727,728,1,3,"Mannion, Miss. Margareth",1,-0.1046374011471275,-0.4745451962498395,-0.4736736092984604,36866,-0.4926295114327329,,Q
728,728,728,728,729,0,2,"Bryhl, Mr. Kurt Arnold Gottfrid",0,-0.335186931111001,0.4327933656785018,-0.4736736092984604,236853,-0.1249197866877571,,S
729,729,729,729,730,0,3,"Ilmakangas, Miss. Pieta Sofia",1,-0.335186931111001,0.4327933656785018,-0.4736736092984604,STON/O2. 3101271,-0.4888542575852486,,S
731,731,731,731,732,0,3,"Hassan, Mr. Houssein G N",0,-1.4110847376090776,-0.4745451962498395,-0.4736736092984604,2699,-0.2701412180209885,,C
732,732,732,732,733,0,2,"Knight, Mr. Robert J",0,-0.1046374011471275,-0.4745451962498395,-0.4736736092984604,239855,-0.6484216535389205,,S
733,733,733,733,734,0,2,"Berriman, Mr. William John",0,-0.4888866177535834,-0.4745451962498395,-0.4736736092984604,28425,-0.3866707201133388,,S
734,734,734,734,735,0,2,"Troupiansky, Mr. Moses Aaron",0,-0.4888866177535834,-0.4745451962498395,-0.4736736092984604,233639,-0.3866707201133388,,S
735,735,735,735,736,0,3,"Williams, Mr. Leslie",0,-0.0662124794864819,-0.4745451962498395,-0.4736736092984604,54636,-0.3242531898349308,,S
738,738,738,738,739,0,3,"Ivanoff, Mr. Kanio",0,-0.1046374011471275,-0.4745451962498395,-0.4736736092984604,349201,-0.4894421904510968,,S
739,739,739,739,740,0,3,"Nankoff, Mr. Minko",0,-0.1046374011471275,-0.4745451962498395,-0.4736736092984604,349218,-0.4894421904510968,,S
740,740,740,740,741,1,1,"Hawksford, Mr. Walter James",0,-0.1046374011471275,-0.4745451962498395,-0.4736736092984604,16988,-0.0443810379414243,D45,S
743,743,743,743,744,0,3,"McNamee, Mr. Neal",0,-0.4120367744322922,0.4327933656785018,-0.4736736092984604,376566,-0.3242531898349308,,S
744,744,744,744,745,1,3,"Stranden, Mr. Juho",0,0.125912128816746,-0.4745451962498395,-0.4736736092984604,STON/O 2. 3101288,-0.4888542575852486,,S
747,747,747,747,748,1,2,"Sinkkonen, Miss. Anna",1,0.0490622854954548,-0.4745451962498395,-0.4736736092984604,250648,-0.3866707201133388,,S
748,748,748,748,749,0,1,"Marvin, Mr. Daniel Warner",0,-0.7962859910387481,0.4327933656785018,-0.4736736092984604,113773,0.4207302360686478,D30,S
749,749,749,749,750,0,3,"Connaghton, Mr. Michael",0,0.125912128816746,-0.4745451962498395,-0.4736736092984604,335097,-0.4923778278429006,,Q
752,752,752,752,753,0,3,"Vande Velde, Mr. Johannes Joseph",0,0.2796118154593283,-0.4745451962498395,-0.4736736092984604,345780,-0.45714212526638,,S
753,753,753,753,754,0,3,"Jonkoff, Mr. Lalio",0,-0.4888866177535834,-0.4745451962498395,-0.4736736092984604,349204,-0.4894421904510968,,S
756,756,756,756,757,0,3,"Carlsson, Mr. August Sigfrid",0,-0.1046374011471275,-0.4745451962498395,-0.4736736092984604,350042,-0.4914556591697551,,S
757,757,757,757,758,0,2,"Bailey, Mr. Percy Andrew",0,-0.8731358343600393,-0.4745451962498395,-0.4736736092984604,29108,-0.4168727508932136,,S
758,758,758,758,759,0,3,"Theobald, Mr. Thomas Leonard",0,0.3564616587806195,-0.4745451962498395,-0.4736736092984604,363294,-0.4863374216869257,,S
760,760,760,760,761,0,3,"Garfirth, Mr. John",0,-0.1046374011471275,-0.4745451962498395,-0.4736736092984604,358585,-0.356468689333464,,S
761,761,761,761,762,0,3,"Nirva, Mr. Iisakki Antino Aijo",0,0.8944105620296577,-0.4745451962498395,-0.4736736092984604,SOTON/O2 3101272,-0.5049620073345151,,S
762,762,762,762,763,1,3,"Barah, Mr. Hanna Assi",0,-0.719436147717457,-0.4745451962498395,-0.4736736092984604,2663,-0.5028639729296732,,C
764,764,764,764,765,0,3,"Eklund, Mr. Hans Linus",0,-1.0268355210026217,-0.4745451962498395,-0.4736736092984604,347074,-0.4918744606632361,,S
766,766,766,766,767,0,1,"Brewe, Dr. Arthur Jackson",0,-0.1046374011471275,-0.4745451962498395,-0.4736736092984604,112379,0.1489119590497745,,C
767,767,767,767,768,0,3,"Mangan, Miss. Mary",1,0.0874872071561004,-0.4745451962498395,-0.4736736092984604,364850,-0.4923778278429006,,Q
768,768,768,768,769,0,3,"Moran, Mr. Daniel J",0,-0.1046374011471275,0.4327933656785018,-0.4736736092984604,371110,-0.1621689579829361,,Q
769,769,769,769,770,0,3,"Gronnestad, Mr. Daniel Danielsen",0,0.2027619721380371,-0.4745451962498395,-0.4736736092984604,8471,-0.4800453319411184,,S
770,770,770,770,771,0,3,"Lievens, Mr. Rene Aime",0,-0.4120367744322922,-0.4745451962498395,-0.4736736092984604,345781,-0.45714212526638,,S
771,771,771,771,772,0,3,"Jensen, Mr. Niels Peder",0,1.432359465278696,-0.4745451962498395,-0.4736736092984604,350047,-0.4902797934380587,,S
773,773,773,773,774,0,3,"Elias, Mr. Dibo",0,-0.1046374011471275,-0.4745451962498395,-0.4736736092984604,2674,-0.5029485386158568,,C
775,775,775,775,776,0,3,"Myhrman, Mr. Pehr Fabian Oliver Malkolm",0,-0.8731358343600393,-0.4745451962498395,-0.4736736092984604,347078,-0.4923778278429006,,S
776,776,776,776,777,0,3,"Tobin, Mr. Roger",0,-0.1046374011471275,-0.4745451962498395,-0.4736736092984604,383121,-0.4923778278429006,F38,Q
777,777,777,777,778,1,3,"Emanuel, Miss. Virginia Ethel",1,-1.8721837975368247,-0.4745451962498395,-0.4736736092984604,364516,-0.397241430886295,,S
778,778,778,778,779,0,3,"Kilgannon, Mr. Thomas J",0,-0.1046374011471275,-0.4745451962498395,-0.4736736092984604,36865,-0.4926295114327329,,Q
780,780,780,780,781,1,3,"Ayoub, Miss. Banoura",1,-1.2573850509664952,-0.4745451962498395,-0.4736736092984604,2687,-0.5028639729296732,,C
781,781,781,781,782,1,1,"Dick, Mrs. Albert Adrian (Vera Gillespie)",1,-0.9499856776813304,0.4327933656785018,-0.4736736092984604,17474,0.4992555160963222,B20,S
782,782,782,782,783,0,1,"Long, Mr. Milton Clyde",0,-0.0277875578258363,-0.4745451962498395,-0.4736736092984604,113501,-0.0443810379414243,D6,S
784,784,784,784,785,0,3,"Ali, Mr. William",0,-0.335186931111001,-0.4745451962498395,-0.4736736092984604,SOTON/O.Q. 3101312,-0.5064721088735089,,S
785,785,785,785,786,0,3,"Harmer, Mr. Abraham (David Lishin)",0,-0.335186931111001,-0.4745451962498395,-0.4736736092984604,374887,-0.5024451714361923,,S
786,786,786,786,787,1,3,"Sjoblom, Miss. Anna Sofia",1,-0.8731358343600393,-0.4745451962498395,-0.4736736092984604,3101265,-0.4974960653257301,,S
790,790,790,790,791,0,3,"Keane, Mr. Andrew ""Andy""",0,-0.1046374011471275,-0.4745451962498395,-0.4736736092984604,12460,-0.4923778278429006,,Q
791,791,791,791,792,0,2,"Gaskell, Mr. Alfred",0,-1.0268355210026217,-0.4745451962498395,-0.4736736092984604,239865,-0.1249197866877571,,S
793,793,793,793,794,0,1,"Hoyt, Mr. William Fisher",0,-0.1046374011471275,-0.4745451962498395,-0.4736736092984604,PC 17600,-0.0303713225969997,,C
794,794,794,794,795,0,3,"Dantcheff, Mr. Ristiu",0,-0.335186931111001,-0.4745451962498395,-0.4736736092984604,349203,-0.4894421904510968,,S
795,795,795,795,796,0,2,"Otter, Mr. Richard",0,0.7407108753870755,-0.4745451962498395,-0.4736736092984604,28213,-0.3866707201133388,,S
796,796,796,796,797,1,1,"Leader, Dr. Alice (Farnham)",1,1.5092093085999871,-0.4745451962498395,-0.4736736092984604,17465,-0.1263453225405672,D17,S
797,797,797,797,798,1,3,"Osman, Mrs. Mara",1,0.125912128816746,-0.4745451962498395,-0.4736736092984604,349244,-0.4735861242916626,,S
798,798,798,798,799,0,3,"Ibrahim Shawah, Mr. Yousseff",0,0.0490622854954548,-0.4745451962498395,-0.4736736092984604,2685,-0.5028639729296732,,C
800,800,800,800,801,0,2,"Ponesell, Mr. Martin",0,0.3564616587806195,-0.4745451962498395,-0.4736736092984604,250647,-0.3866707201133388,,S
804,804,804,804,805,1,3,"Hedman, Mr. Oskar Arvid",0,-0.1814872444684187,-0.4745451962498395,-0.4736736092984604,347089,-0.5079822104125026,,S
805,805,805,805,806,0,3,"Johansson, Mr. Karl Johan",0,0.125912128816746,-0.4745451962498395,-0.4736736092984604,347063,-0.4918744606632361,,S
806,806,806,806,807,0,1,"Andrews, Mr. Thomas Jr",0,0.7407108753870755,-0.4745451962498395,-0.4736736092984604,112050,-0.6484216535389205,A36,S
807,807,807,807,808,0,3,"Pettersson, Miss. Ellen Natalia",1,-0.8731358343600393,-0.4745451962498395,-0.4736736092984604,347087,-0.4918744606632361,,S
808,808,808,808,809,0,2,"Meyer, Mr. August",0,0.7407108753870755,-0.4745451962498395,-0.4736736092984604,248723,-0.3866707201133388,,S
809,809,809,809,810,1,1,"Chambers, Mrs. Norman Campbell (Bertha Griggs)",1,0.2796118154593283,0.4327933656785018,-0.4736736092984604,113806,0.4207302360686478,E8,S
810,810,810,810,811,0,3,"Alexander, Mr. William",0,-0.2583370877897099,-0.4745451962498395,-0.4736736092984604,3474,-0.4896093083547455,,S
811,811,811,811,812,0,3,"Lester, Mr. James",0,0.7407108753870755,-0.4745451962498395,-0.4736736092984604,A/4 48871,-0.1621689579829361,,S
812,812,812,812,813,0,2,"Slemen, Mr. Richard James",0,0.4333115021019107,-0.4745451962498395,-0.4736736092984604,28206,-0.4370074380797968,,S
814,814,814,814,815,0,3,"Tomlin, Mr. Ernest Portage",0,0.0874872071561004,-0.4745451962498395,-0.4736736092984604,364499,-0.4863374216869257,,S
815,815,815,815,816,0,1,"Fry, Mr. Richard",0,-0.1046374011471275,-0.4745451962498395,-0.4736736092984604,112058,-0.6484216535389205,B102,S
816,816,816,816,817,0,3,"Heininen, Miss. Wendla Maria",1,-0.4888866177535834,-0.4745451962498395,-0.4736736092984604,STON/O2. 3101290,-0.4888542575852486,,S
818,818,818,818,819,0,3,"Holm, Mr. John Fredrik Alexander",0,1.0481102486722402,-0.4745451962498395,-0.4736736092984604,C 7075,-0.5185529211854588,,S
821,821,821,821,822,1,3,"Lulic, Mr. Nikola",0,-0.1814872444684187,-0.4745451962498395,-0.4736736092984604,315098,-0.4740049257851434,,S
822,822,822,822,823,0,1,"Reuchlin, Jonkheer. John George",0,0.6638610320657843,-0.4745451962498395,-0.4736736092984604,19972,-0.6484216535389205,,S
825,825,825,825,826,0,3,"Flynn, Mr. John",0,-0.1046374011471275,-0.4745451962498395,-0.4736736092984604,368323,-0.5084855775921673,,Q
826,826,826,826,827,0,3,"Lam, Mr. Len",0,-0.1046374011471275,-0.4745451962498395,-0.4736736092984604,1601,0.489103606816847,,S
828,828,828,828,829,1,3,"McCormack, Mr. Thomas Joseph",0,-0.1046374011471275,-0.4745451962498395,-0.4736736092984604,367228,-0.4923778278429006,,Q
830,830,830,830,831,1,3,"Yasbeck, Mrs. Antoni (Selini Alexander)",1,-1.1036853643239128,0.4327933656785018,-0.4736736092984604,2659,-0.3573908580066095,,C
832,832,832,832,833,0,3,"Saad, Mr. Amin",0,-0.1046374011471275,-0.4745451962498395,-0.4736736092984604,2671,-0.5028639729296732,,C
833,833,833,833,834,0,3,"Augustsson, Mr. Albert",0,-0.4888866177535834,-0.4745451962498395,-0.4736736092984604,347468,-0.4902797934380587,,S
834,834,834,834,835,0,3,"Allum, Mr. Owen George",0,-0.8731358343600393,-0.4745451962498395,-0.4736736092984604,2223,-0.4813037498902798,,S
836,836,836,836,837,0,3,"Pasic, Mr. Jakob",0,-0.6425863043961658,-0.4745451962498395,-0.4736736092984604,315097,-0.4740049257851434,,S
837,837,837,837,838,0,3,"Sirota, Mr. Maurice",0,-0.1046374011471275,-0.4745451962498395,-0.4736736092984604,392092,-0.4863374216869257,,S
838,838,838,838,839,1,3,"Chip, Mr. Chang",0,0.2027619721380371,-0.4745451962498395,-0.4736736092984604,1601,0.489103606816847,,S
839,839,839,839,840,1,1,"Marechal, Mr. Pierre",0,-0.1046374011471275,-0.4745451962498395,-0.4736736092984604,11774,-0.0504214440973992,C47,C
840,840,840,840,841,0,3,"Alhomaki, Mr. Ilmari Rudolf",0,-0.719436147717457,-0.4745451962498395,-0.4736736092984604,SOTON/O2 3101287,-0.4888542575852486,,S
841,841,841,841,842,0,2,"Mudd, Mr. Thomas Charles",0,-1.0268355210026217,-0.4745451962498395,-0.4736736092984604,S.O./P.P. 3,-0.4370074380797968,,S
842,842,842,842,843,1,1,"Serepeca, Miss. Augusta",1,0.0490622854954548,-0.4745451962498395,-0.4736736092984604,113798,-0.0242463507548411,,C
843,843,843,843,844,0,3,"Lemberopolous, Mr. Peter L",0,0.3948865804412651,-0.4745451962498395,-0.4736736092984604,2683,-0.5188046047752911,,C
844,844,844,844,845,0,3,"Culumovic, Mr. Jeso",0,-0.9499856776813304,-0.4745451962498395,-0.4736736092984604,315090,-0.4740049257851434,,S
845,845,845,845,846,0,3,"Abbing, Mr. Anthony",0,0.9712604053509488,-0.4745451962498395,-0.4736736092984604,C.A. 5547,-0.4964047652802172,,S
847,847,847,847,848,0,3,"Markoff, Mr. Marin",0,0.4333115021019107,-0.4745451962498395,-0.4736736092984604,349213,-0.4894421904510968,,C
854,854,854,854,855,0,2,"Carter, Mrs. Ernest Courtenay (Lilian Hughes)",1,1.1249600919935314,0.4327933656785018,-0.4736736092984604,244252,-0.1249197866877571,,S
857,857,857,857,858,1,1,"Daly, Mr. Peter Denis ",0,1.6629089952425695,-0.4745451962498395,-0.4736736092984604,113055,-0.1138457087351363,E17,S
859,859,859,859,860,0,3,"Razi, Mr. Raihed",0,-0.1046374011471275,-0.4745451962498395,-0.4736736092984604,2629,-0.5028639729296732,,C
860,860,860,860,861,0,3,"Hansen, Mr. Claus Peter",0,0.8944105620296577,1.340131927606843,-0.4736736092984604,350026,-0.3643554463044486,,S
861,861,861,861,862,0,2,"Giles, Mr. Frederick Edward",0,-0.6425863043961658,0.4327933656785018,-0.4736736092984604,28134,-0.4168727508932136,,S
862,862,862,862,863,1,1,"Swift, Mrs. Frederick Joel (Margaret Welles Barron)",1,1.432359465278696,-0.4745451962498395,-0.4736736092984604,17466,-0.1263453225405672,D17,S
864,864,864,864,865,0,2,"Gill, Mr. John William",0,-0.4120367744322922,-0.4745451962498395,-0.4736736092984604,233866,-0.3866707201133388,,S
865,865,865,865,866,1,2,"Bystrom, Mrs. (Karolina)",1,0.9712604053509488,-0.4745451962498395,-0.4736736092984604,236852,-0.3866707201133388,,S
866,866,866,866,867,1,2,"Duran y More, Miss. Asuncion",1,-0.1814872444684187,0.4327933656785018,-0.4736736092984604,SC/PARIS 2149,-0.3693891181010945,,C
867,867,867,867,868,0,1,"Roebling, Mr. Washington Augustus II",0,0.125912128816746,-0.4745451962498395,-0.4736736092984604,PC 17590,0.3682954836973478,A24,S
868,868,868,868,869,0,3,"van Melkebeke, Mr. Philemon",0,-0.1046374011471275,-0.4745451962498395,-0.4736736092984604,345777,-0.45714212526638,,S
870,870,870,870,871,0,3,"Balkic, Mr. Cerin",0,-0.2583370877897099,-0.4745451962498395,-0.4736736092984604,349248,-0.4894421904510968,,S
872,872,872,872,873,0,1,"Carlsson, Mr. Frans Olof",0,0.2796118154593283,-0.4745451962498395,-0.4736736092984604,695,-0.5477482176060045,B51 B53 B55,S
873,873,873,873,874,0,3,"Vander Cruyssen, Mr. Victor",0,1.3555096219574048,-0.4745451962498395,-0.4736736092984604,345765,-0.4672094688596716,,S
874,874,874,874,875,1,2,"Abelson, Mrs. Samuel (Hannah Wizosky)",1,-0.1046374011471275,0.4327933656785018,-0.4736736092984604,P/PP 3381,-0.1651891610609235,,C
875,875,875,875,876,1,3,"Najib, Miss. Adele Kiamie ""Jane""",1,-1.1036853643239128,-0.4745451962498395,-0.4736736092984604,2667,-0.5029485386158568,,C
876,876,876,876,877,0,3,"Gustafsson, Mr. Alfred Ossian",0,-0.719436147717457,-0.4745451962498395,-0.4736736092984604,7534,-0.4501795504372595,,S
877,877,877,877,878,0,3,"Petroff, Mr. Nedelio",0,-0.7962859910387481,-0.4745451962498395,-0.4736736092984604,349212,-0.4894421904510968,,S
878,878,878,878,879,0,3,"Laleff, Mr. Kristo",0,-0.1046374011471275,-0.4745451962498395,-0.4736736092984604,349217,-0.4894421904510968,,S
881,881,881,881,882,0,3,"Markun, Mr. Johann",0,0.2796118154593283,-0.4745451962498395,-0.4736736092984604,349257,-0.4894421904510968,,S
882,882,882,882,883,0,3,"Dahlberg, Miss. Gerda Ulrika",1,-0.5657364610748746,-0.4745451962498395,-0.4736736092984604,7552,-0.4366711888037809,,S
883,883,883,883,884,0,2,"Banfield, Mr. Frederick James",0,-0.1046374011471275,-0.4745451962498395,-0.4736736092984604,C.A./SOTON 34068,-0.4370074380797968,,S
884,884,884,884,885,0,3,"Sutehall, Mr. Henry Jr",0,-0.335186931111001,-0.4745451962498395,-0.4736736092984604,SOTON/OQ 392076,-0.5064721088735089,,S
886,886,886,886,887,0,2,"Montvila, Rev. Juozas",0,-0.1814872444684187,-0.4745451962498395,-0.4736736092984604,211536,-0.3866707201133388,,S
887,887,887,887,888,1,1,"Graham, Miss. Margaret Edith",1,-0.7962859910387481,-0.4745451962498395,-0.4736736092984604,112053,-0.0443810379414243,B42,S
889,889,889,889,890,1,1,"Behr, Mr. Karl Howell",0,-0.2583370877897099,-0.4745451962498395,-0.4736736092984604,111369,-0.0443810379414243,C148,C
890,890,890,890,891,0,3,"Dooley, Mr. Patrick",0,0.2027619721380371,-0.4745451962498395,-0.4736736092984604,370376,-0.4923778278429006,,Q
